Danceability,Energy,Key,Loudness,Speechiness,Acousticness,Instrumentalness,Liveness,Valence,Tempo,tag
0.746,0.754,1,-6.684,0.0676,0.0152,0,0.0486,0.746,149.882,energ
0.628,0.593,8,-5.036,0.0323,0.093,1.65E-06,0.096,0.104,125.026,energ
0.62,0.805,5,-5.538,0.0417,0.00564,9.15E-05,0.285,0.586,122.062,energ
0.504,0.785,8,-4.802,0.104,0.0738,0,0.239,0.502,173.968,energ
0.56,0.872,3,-4.269,0.14,0.0239,6.98E-06,0.371,0.682,126.05,energ
0.468,0.779,9,-4.839,0.0779,0.112,0.000373,0.101,0.26,173.799,energ
0.527,0.835,6,-5.298,0.0433,0.0166,0,0.249,0.654,125.983,energ
0.572,0.797,0,-4.181,0.0497,0.0949,0,0.259,0.598,135.76,energ
0.866,0.813,11,-4.063,0.0554,0.38,0,0.0779,0.969,121.998,energ
0.461,0.834,2,-4.868,0.0989,0.0232,1.14E-05,0.14,0.471,135.007,energ
0.691,0.602,1,-8.063,0.0497,0.0515,0,0.141,0.715,118.901,energ
0.776,0.875,4,-5.535,0.0575,0.0343,0,0.314,0.849,111.988,energ
0.691,0.795,1,-4.021,0.0355,0.000812,1.02E-06,0.156,0.876,133.971,energ
0.759,0.459,8,-5.187,0.0948,0.00323,0,0.0788,0.695,109.997,energ
0.591,0.764,1,-5.484,0.0483,0.0383,0,0.103,0.478,169.928,energ
0.783,0.58,7,-6.548,0.0408,0.0114,2.28E-06,0.108,0.66,120.021,energ
0.691,0.823,2,-4.197,0.0623,0.487,0,0.134,0.87,123.935,energ
0.545,0.675,6,-6.474,0.0279,0.00617,0.00197,0.209,0.162,124.97,energ
0.77,0.882,8,-4.792,0.0602,0.194,0,0.316,0.385,99.991,energ
0.624,0.876,9,-3.374,0.1,0.0735,0,0.327,0.781,99.943,energ
0.645,0.862,11,-4.761,0.0845,0.0933,0,0.193,0.803,119.947,energ
0.637,0.69,1,-4.057,0.0405,0.00786,0,0.124,0.457,129.857,energ
0.621,0.82,10,-4.865,0.0367,0.332,0,0.104,0.452,144.905,energ
0.687,0.761,9,-4.582,0.0876,0.102,0,0.147,0.743,113.939,energ
0.742,0.713,1,-5.522,0.0303,0.0205,0,0.059,0.879,120.032,energ
0.638,0.832,8,-5.039,0.049,0.141,0,0.113,0.648,124.071,energ
0.654,0.787,4,-4.999,0.0502,0.00515,0,0.144,0.409,123.979,energ
0.663,0.857,2,-2.16,0.0544,0.0542,0,0.144,0.931,126.039,energ
0.647,0.8,7,-5.384,0.165,0.0647,0,0.334,0.942,160.078,energ
0.666,0.812,6,-4.07,0.0647,0.0597,0,0.0603,0.868,145.059,energ
0.807,0.893,11,-3.745,0.0347,0.0451,2.79E-05,0.366,0.537,126.011,energ
0.72,0.763,9,-4.068,0.0523,0.406,0,0.18,0.742,101.965,energ
0.773,0.747,5,-4.061,0.0885,0.0242,8.99E-06,0.109,0.801,126.014,energ
0.532,0.783,2,-5.697,0.0523,0.0038,0.0012,0.161,0.643,124.08,energ
0.596,0.854,7,-5.114,0.463,0.0169,0,0.124,0.152,120.274,energ
0.279,0.742,4,-6.46,0.0898,0.000185,0,0.593,0.328,189.868,energ
0.632,0.773,6,-4.856,0.0346,0.0623,0,0.0885,0.474,130.033,energ
0.677,0.802,8,-5.539,0.139,0.261,0,0.0705,0.539,109.918,energ
0.682,0.72,11,-8.173,0.0381,0.326,0,0.148,0.673,117.003,energ
0.776,0.808,11,-4.501,0.117,0.0297,0.000127,0.103,0.494,123.988,energ
0.687,0.785,1,-4.65,0.0333,0.327,0,0.203,0.655,106.046,energ
0.559,0.82,5,-3.381,0.0591,0.00606,0,0.0958,0.428,126.091,energ
0.655,0.877,9,-5.656,0.0329,0.22,0,0.0785,0.958,144.877,energ
0.811,0.719,9,-6.553,0.0497,0.0129,1.36E-05,0.0742,0.865,103.979,energ
0.494,0.951,9,-4.237,0.132,0.000569,0,0.327,0.441,160.025,energ
0.705,0.78,7,-6.267,0.0805,0.456,0.00152,0.115,0.457,142.028,energ
0.595,0.784,1,-4.878,0.102,0.216,0,0.0608,0.479,124.111,energ
0.559,0.777,1,-5.031,0.0432,0.31,0,0.105,0.329,87.016,energ
0.64,0.82,1,-4.729,0.0464,0.00312,0,0.189,0.583,130.108,energ
0.678,0.918,5,-4.63,0.0355,0.000417,0,0.0744,0.769,130.028,energ
0.73,0.861,1,-4.1,0.0451,0.39,0,0.213,0.704,117.965,energ
0.722,0.851,7,-3.873,0.0639,0.0319,0,0.108,0.452,126.885,energ
0.71,0.909,2,-2.777,0.0639,0.0135,0.00123,0.303,0.648,115.001,energ
0.617,0.759,0,-6.785,0.0678,0.0026,0,0.419,0.324,122.924,energ
0.637,0.93,4,-2.632,0.0511,0.0177,0,0.452,0.886,90.014,energ
0.52,0.731,6,-5.338,0.0557,0.342,0.00101,0.311,0.662,173.93,energ
0.696,0.921,0,-3.755,0.0363,0.00314,5.24E-05,0.0842,0.714,119.001,energ
0.695,0.743,6,-3.85,0.0329,0.0786,0,0.0587,0.634,123.007,energ
0.687,0.702,7,-5.324,0.0455,0.0064,4.35E-05,0.204,0.284,129.956,energ
0.706,0.841,7,-3.956,0.0418,7.95E-05,0,0.0688,0.861,132.032,energ
0.683,0.875,2,-5.11,0.0552,0.0226,0,0.175,0.717,143.957,energ
0.737,0.846,1,-4.51,0.22,0.00614,0,0.0486,0.546,87.981,energ
0.852,0.698,9,-7.206,0.0629,0.00839,1.03E-06,0.0773,0.324,113.039,energ
0.576,0.86,8,-3.913,0.0394,0.000875,0,0.316,0.594,87.461,energ
0.59,0.81,1,-5.751,0.0319,0.0014,0,0.198,0.624,127.916,energ
0.762,0.7,9,-6.021,0.0694,0.00261,1.56E-05,0.153,0.608,116.073,energ
0.612,0.937,4,-5.531,0.0592,0.128,4.14E-06,0.0991,0.653,144.013,energ
0.53,0.835,9,-3.69,0.11,0.0453,0,0.0637,0.471,166.02,energ
0.583,0.732,11,-5.728,0.0457,0.00312,9.86E-06,0.269,0.276,145.992,energ
0.774,0.753,4,-5.446,0.0517,0.152,0,0.0371,0.896,119.002,energ
0.775,0.825,7,-5.402,0.0464,0.0506,1.03E-06,0.111,0.95,139.091,energ
0.671,0.777,2,-4.322,0.046,0.0057,0.0011,0.0783,0.289,99.98,energ
0.711,0.7,1,-4.805,0.046,0.00498,0.000125,0.215,0.801,128.001,energ
0.545,0.78,7,-4.867,0.0436,0.0309,4.64E-05,0.0828,0.458,125.014,energ
0.742,0.878,9,-3.127,0.128,0.000758,8.88E-05,0.286,0.564,114.965,energ
0.617,0.906,1,-4.822,0.0311,0.000451,0,0.0716,0.807,119.016,energ
0.623,0.734,9,-5.95,0.107,0.0162,1.90E-06,0.145,0.372,107.853,energ
0.654,0.655,11,-7.388,0.106,0.0294,0,0.139,0.221,170.16,energ
0.672,0.655,10,-5.021,0.0311,0.0362,0,0.117,0.556,134.945,energ
0.667,0.858,2,-2.268,0.0926,0.0367,1.47E-05,0.325,0.641,133.039,energ
0.794,0.793,11,-4.521,0.0842,0.0125,0,0.0952,0.677,123.941,energ
0.587,0.828,11,-5.108,0.161,0.00327,0,0.331,0.494,123.907,energ
0.401,0.872,1,-3.641,0.314,0.167,0,0.362,0.472,104.592,energ
0.703,0.747,0,-4.446,0.0895,0.283,0,0.396,0.7,149.974,energ
0.602,0.843,0,-4.831,0.0593,0.000688,5.27E-05,0.0682,0.526,128.003,energ
0.52,0.849,9,-3.794,0.186,0.00253,0,0.119,0.774,175.908,energ
0.645,0.741,5,-4.989,0.0339,0.0323,0,0.29,0.534,123.07,energ
0.583,0.768,9,-6.477,0.041,0.000323,0.0162,0.109,0.357,127.952,energ
0.629,0.793,9,-5.942,0.0346,0.00952,1.15E-06,0.218,0.588,95.981,energ
0.673,0.758,7,-3.632,0.158,0.039,0,0.341,0.542,135.956,energ
0.737,0.636,11,-4.546,0.0437,0.0441,6.66E-05,0.35,0.565,105.005,energ
0.623,0.641,10,-3.987,0.0462,0.0841,1.09E-06,0.06,0.735,185.888,energ
0.666,0.796,10,-6.967,0.103,0.0492,0,0.0442,0.61,110.108,energ
0.727,0.832,9,-4.327,0.0366,0.181,0,0.0615,0.213,127.035,energ
0.672,0.855,9,-3.764,0.0397,0.021,0,0.323,0.646,123.056,energ
0.722,0.761,11,-4.459,0.0475,0.0117,0,0.315,0.624,128.044,energ
0.755,0.837,2,-2.718,0.142,0.0991,0,0.289,0.714,120.028,energ
0.568,0.817,9,-4.049,0.147,0.205,3.46E-05,0.123,0.352,105.912,energ
0.726,0.698,5,-4.165,0.0431,0.049,0,0.309,0.867,143.994,energ
0.559,0.682,9,-5.762,0.0334,0.0203,0,0.126,0.498,122.931,energ
0.751,0.783,4,-3.724,0.0859,0.00379,0,0.036,0.816,119.975,energ
0.541,0.787,2,-4.618,0.0331,0.0167,0,0.157,0.2,113,energ
0.614,0.934,9,-3.709,0.07,0.0697,0,0.121,0.436,116.001,energ
0.66,0.805,1,-5.352,0.153,0.0192,8.83E-06,0.159,0.625,103.008,energ
0.561,0.965,7,-3.673,0.0343,0.00383,7.07E-06,0.371,0.304,128.04,energ
0.638,0.878,5,-3.639,0.0484,0.0151,0.000223,0.308,0.481,103.948,energ
0.6,0.905,1,-3.41,0.0357,0.00274,0,0.831,0.636,124.032,energ
0.73,0.777,3,-5.194,0.0496,0.105,0.000478,0.0691,0.575,130,energ
0.46,0.8,1,-3.584,0.05,0.289,6.16E-06,0.121,0.553,102.46,energ
0.645,0.786,1,-5.337,0.0554,0.0343,3.57E-06,0.139,0.597,124.962,energ
0.631,0.927,9,-2.787,0.0332,0.199,0.119,0.148,0.465,123.962,energ
0.715,0.791,10,-6.63,0.0414,0.0368,0,0.0694,0.879,116.043,energ
0.765,0.837,1,-3.113,0.032,0.00107,1.06E-05,0.0801,0.721,122.028,energ
0.697,0.643,5,-4.057,0.0601,0.055,8.25E-06,0.806,0.605,98.023,energ
0.757,0.678,8,-5.529,0.233,0.0472,9.14E-06,0.0654,0.82,120.075,energ
0.671,0.916,6,-4.014,0.0397,0.0282,0.00762,0.24,0.803,126.01,energ
0.637,0.732,7,-6.209,0.0965,0.244,0,0.498,0.68,128.108,energ
0.518,0.679,11,-5.406,0.0355,0.079,4.85E-05,0.0588,0.106,132.146,energ
0.676,0.786,1,-4.529,0.0478,0.197,0,0.0943,0.483,125.983,energ
0.658,0.814,1,-6.157,0.0493,0.0398,0,0.114,0.316,109.004,energ
0.68,0.84,9,-3.823,0.0414,0.0457,8.66E-06,0.143,0.468,104.975,energ
0.571,0.815,6,-3.267,0.0321,0.0608,0,0.163,0.664,120.008,energ
0.557,0.944,1,-5.184,0.0784,0.0541,2.12E-06,0.33,0.705,169.9,energ
0.764,0.793,8,-5.466,0.067,0.0281,0.00174,0.317,0.831,123.013,energ
0.563,0.827,8,-5.811,0.323,0.231,0,0.142,0.497,126.177,energ
0.765,0.765,1,-2.732,0.0585,0.00765,3.82E-06,0.0527,0.886,120.001,energ
0.534,0.87,11,-3.078,0.0425,0.000334,0,0.241,0.462,126.019,energ
0.597,0.945,6,-3.845,0.0497,0.018,0,0.0654,0.939,147.908,energ
0.71,0.841,9,-7.082,0.0466,0.00542,1.56E-05,0.0712,0.942,127.989,energ
0.514,0.73,1,-5.934,0.0598,0.00146,9.54E-05,0.0897,0.334,171.005,energ
0.647,0.844,0,-3.756,0.0457,0.0137,0.000658,0.102,0.746,146.967,energ
0.703,0.812,4,-4.873,0.0422,0.000313,0,0.199,0.711,102.982,energ
0.654,0.787,6,-5.085,0.0355,0.00303,0.00478,0.384,0.349,124.036,energ
0.721,0.842,5,-4.958,0.07,0.112,0.00385,0.112,0.517,123.986,energ
0.694,0.81,11,-3.556,0.0661,0.122,0,0.141,0.824,137.968,energ
0.7,0.709,7,-5.006,0.0838,0.0048,0,0.029,0.624,122.019,energ
0.673,0.642,5,-6.117,0.0842,0.136,0,0.125,0.591,134.929,energ
0.663,0.849,11,-4.462,0.0334,0.0791,1.20E-06,0.192,0.722,123.992,energ
0.749,0.814,5,-3.769,0.0404,0.156,0,0.0673,0.715,119.964,energ
0.586,0.865,7,-4.092,0.319,0.0345,5.70E-06,0.165,0.468,172.912,energ
0.634,0.81,4,-5.033,0.135,0.00291,1.11E-05,0.133,0.652,150.009,energ
0.743,0.766,0,-6.375,0.0265,0.0873,0,0.509,0.61,127.96,energ
0.528,0.886,11,-6.249,0.0329,0.0159,0,0.0758,0.8,96.001,energ
0.561,0.836,9,-3.939,0.1,0.0525,0,0.136,0.517,127.923,energ
0.746,0.78,0,-4.892,0.102,0.319,0,0.411,0.569,105.931,energ
0.696,0.793,8,-5.733,0.097,0.0683,3.78E-06,0.18,0.698,120.003,energ
0.735,0.766,1,-4.485,0.0383,0.025,0.00138,0.108,0.6,127.985,energ
0.659,0.857,11,-5.85,0.0437,0.0045,1.93E-06,0.335,0.798,106.965,energ
0.742,0.882,7,-2.862,0.117,0.0466,0,0.206,0.463,102.04,energ
0.774,0.838,5,-3.914,0.114,0.0249,0.025,0.242,0.924,143.04,energ
0.835,0.482,8,-8.607,0.367,0.262,0,0.0991,0.448,143.015,energ
0.712,0.481,4,-5.415,0.0487,0.173,0,0.241,0.062,140,energ
0.874,0.552,2,-5.997,0.383,0.0555,0,0.279,0.231,140.098,energ
0.843,0.543,8,-8.546,0.304,0.233,0,0.214,0.694,132.021,energ
0.85,0.405,7,-7.509,0.225,0.119,0.000118,0.0707,0.344,139.976,energ
0.872,0.591,6,-6.952,0.359,0.111,0,0.144,0.696,131.982,energ
0.747,0.497,4,-6.542,0.0401,0.248,0,0.138,0.0663,142.046,energ
0.859,0.574,7,-6.16,0.399,0.0989,0,0.0918,0.405,149.995,energ
0.892,0.486,11,-8.637,0.384,0.048,0,0.146,0.535,120.998,energ
0.794,0.717,7,-5.73,0.251,0.0511,0,0.195,0.372,141.881,energ
0.92,0.458,5,-5.643,0.315,0.0171,0,0.107,0.403,132.992,energ
0.81,0.55,2,-7.46,0.17,0.0114,5.69E-06,0.107,0.183,76.503,energ
0.769,0.632,10,-4.228,0.0537,0.0325,0,0.116,0.294,131.932,energ
0.757,0.655,6,-7.118,0.15,0.0759,0,0.0743,0.897,153.912,energ
0.77,0.599,2,-8.663,0.661,0.0131,0,0.0711,0.427,159.966,energ
0.792,0.445,10,-7.871,0.544,0.00256,0,0.108,0.399,157.153,energ
0.936,0.704,5,-5.47,0.457,0.0632,0,0.104,0.566,130.022,energ
0.776,0.589,9,-4.543,0.115,0.319,0,0.0715,0.668,120.034,energ
0.619,0.668,4,-2.115,0.271,0.0799,0,0.122,0.147,76.514,energ
0.877,0.517,2,-5.426,0.0706,0.217,0,0.143,0.255,119.996,energ
0.938,0.546,2,-7.037,0.138,0.00353,0,0.102,0.58,111.971,energ
0.672,0.565,1,-6.504,0.441,0.106,0,0.113,0.313,163.827,energ
0.847,0.733,10,-6.439,0.16,0.00574,1.04E-05,0.151,0.202,130.029,energ
0.755,0.898,5,-0.777,0.042,0.32,4.93E-05,0.309,0.576,135.057,energ
0.92,0.833,1,-3.18,0.253,0.0277,0,0.0596,0.645,141.034,energ
0.636,0.566,6,-7.16,0.106,0.365,0.000353,0.0917,0.425,151.894,energ
0.776,0.413,6,-7.438,0.0952,0.00415,2.68E-05,0.0724,0.287,100.003,energ
0.86,0.799,2,-2.446,0.149,0.0532,2.54E-05,0.369,0.491,140.005,energ
0.822,0.461,1,-6.506,0.449,0.328,0,0.122,0.268,130.003,energ
0.718,0.454,8,-9.012,0.127,0.153,4.60E-05,0.116,0.196,89.483,energ
0.804,0.528,1,-3.231,0.378,0.125,0,0.41,0.321,138.005,energ
0.733,0.334,1,-11.314,0.0811,0.327,0,0.116,0.267,119.935,energ
0.863,0.464,1,-10.559,0.346,0.00449,0,0.0938,0.566,75.5,energ
0.845,0.304,10,-16.441,0.195,0.371,0,0.112,0.413,90.01,energ
0.896,0.72,0,-6.262,0.355,0.169,0,0.252,0.966,140.1,energ
0.852,0.553,1,-7.286,0.187,0.0559,0,0.332,0.656,142.079,energ
0.752,0.653,6,-4.607,0.293,0.0647,0,0.125,0.569,165.046,energ
0.716,0.541,1,-7.909,0.149,0.0021,0,0.115,0.387,139.978,energ
0.953,0.515,10,-8.546,0.0846,0.00389,0,0.11,0.351,138.039,energ
0.786,0.583,0,-7.415,0.0393,0.0552,1.84E-06,0.326,0.229,120.024,energ
0.962,0.619,10,-5.562,0.405,0.0354,0,0.083,0.154,127.958,energ
0.798,0.605,9,-7.186,0.208,0.162,0,0.293,0.806,123.972,energ
0.941,0.676,4,-5.54,0.0936,0.211,4.64E-06,0.0986,0.93,120.073,energ
0.831,0.532,0,-5.319,0.301,0.0652,0,0.464,0.364,140.105,energ
0.753,0.686,1,-5.415,0.284,0.0677,0,0.193,0.886,132.055,energ
0.731,0.811,1,-3.225,0.0712,0.0204,0,0.411,0.426,147.045,energ
0.9,0.846,0,-4.884,0.224,0.025,0,0.204,0.851,129.966,energ
0.891,0.486,6,-7.803,0.159,0.0158,3.78E-06,0.0925,0.239,125.01,energ
0.854,0.48,9,-7.388,0.293,0.208,0,0.127,0.293,86.049,energ
0.91,0.442,1,-8.876,0.183,0.0115,0,0.263,0.261,116.12,energ
0.859,0.506,10,-8.115,0.418,0.105,0,0.113,0.153,140.973,energ
0.889,0.516,8,-8.852,0.327,0.372,0,0.0926,0.732,140.005,energ
0.53,0.661,8,-5.507,0.083,0.141,0.00018,0.123,0.149,122.482,energ
0.93,0.264,4,-15.286,0.479,0.163,0,0.0924,0.462,121.027,energ
0.736,0.578,7,-7.387,0.129,0.0906,1.58E-06,0.319,0.133,172.96,energ
0.883,0.808,1,-3.158,0.183,0.0317,0,0.207,0.805,119.012,energ
0.75,0.548,9,-6.288,0.358,0.00619,0,0.156,0.377,160.084,energ
0.793,0.395,1,-5.578,0.385,0.277,1.40E-05,0.109,0.129,77.027,energ
0.63,0.399,5,-9.869,0.178,0.105,0.174,0.234,0.0657,183.016,energ
0.587,0.691,1,-8.893,0.334,0.00298,0,0.187,0.416,107.996,energ
0.803,0.719,0,-4.485,0.392,0.344,0,0.425,0.549,129.945,energ
0.768,0.807,2,-5.508,0.106,0.053,2.99E-06,0.214,0.575,112.001,energ
0.903,0.535,8,-6.238,0.286,0.0298,0,0.0851,0.157,130.117,energ
0.817,0.556,4,-7.178,0.14,0.469,0,0.131,0.314,126.991,energ
0.901,0.464,5,-9.789,0.0645,0.368,1.71E-05,0.238,0.638,109.004,energ
0.886,0.479,4,-8.054,0.334,0.077,0,0.135,0.408,130.029,energ
0.827,0.552,4,-7.571,0.274,0.0169,0,0.122,0.408,124.011,energ
0.681,0.314,8,-9.319,0.0581,0.2,9.82E-06,0.1,0.166,139.992,energ
0.882,0.625,9,-8.878,0.293,0.0677,0,0.482,0.935,129.965,energ
0.891,0.525,10,-7.666,0.214,0.00214,0,0.0887,0.15,133.126,energ
0.757,0.673,1,-8.513,0.141,0.095,0,0.338,0.574,92.958,energ
0.906,0.395,1,-11.277,0.206,0.0103,0.000195,0.117,0.376,146.056,energ
0.893,0.618,7,-4.425,0.112,0.0827,0,0.542,0.389,119.099,energ
0.791,0.735,5,-4.764,0.16,0.0427,0,0.134,0.497,144.985,energ
0.87,0.567,8,-6.278,0.123,0.159,0,0.102,0.369,117.97,energ
0.772,0.879,2,-3.423,0.0395,0.0219,0,0.148,0.431,139.972,energ
0.835,0.468,1,-6.97,0.239,0.029,0,0.245,0.401,126.072,energ
0.926,0.542,1,-5.064,0.293,0.135,0,0.0877,0.564,135.14,energ
0.834,0.731,10,-5.603,0.0566,0.0462,0,0.0731,0.681,140.001,energ
0.807,0.519,2,-6.489,0.337,0.0403,0,0.152,0.283,134.867,energ
0.888,0.432,10,-9.275,0.0934,0.0562,0,0.112,0.173,99.965,energ
0.963,0.346,5,-9.309,0.53,0.0355,0,0.108,0.562,119.957,energ
0.917,0.529,1,-3.785,0.101,0.00998,0,0.0884,0.289,122,energ
0.791,0.769,11,-5.134,0.113,0.00166,0,0.141,0.558,159.951,energ
0.89,0.504,8,-5.444,0.123,0.023,0,0.123,0.222,129.969,energ
0.638,0.4,11,-11.212,0.0425,0.733,0.000133,0.334,0.495,150.133,energ
0.675,0.23,1,-10.363,0.204,0.191,0,0.104,0.101,173.962,energ
0.8,0.406,6,-8.892,0.268,0.636,0,0.109,0.274,120.999,energ
0.914,0.572,2,-8.82,0.166,0.0709,0.00237,0.0599,0.203,123.963,energ
0.732,0.69,4,-7.745,0.174,0.538,9.37E-05,0.191,0.636,117.157,energ
0.636,0.501,11,-7.26,0.329,0.413,0,0.339,0.196,82.309,energ
0.906,0.444,4,-8.692,0.384,0.136,6.44E-05,0.173,0.678,140.063,energ
0.827,0.567,5,-10.232,0.155,0.117,0,0.23,0.866,129.98,energ
0.825,0.458,0,-7.47,0.0577,0.114,0,0.102,0.161,145.115,energ
0.695,0.343,5,-10.798,0.0432,0.0743,1.04E-06,0.107,0.229,85.84,energ
0.761,0.518,0,-8.871,0.134,0.244,3.47E-05,0.107,0.522,133.976,energ
0.836,0.617,0,-4.363,0.0534,0.17,0,0.319,0.866,138.066,energ
0.891,0.628,2,-7.863,0.0551,0.00258,0.00019,0.0504,0.552,134.966,energ
0.745,0.686,4,-5.7,0.0313,0.528,0,0.176,0.437,121.978,energ
0.729,0.603,6,-6.736,0.0666,0.0948,0,0.113,0.207,134.972,energ
0.929,0.631,7,-7.419,0.184,0.0864,0,0.0691,0.433,112.023,energ
0.795,0.568,5,-7.817,0.142,0.0541,0,0.108,0.478,136.173,energ
0.724,0.693,7,-5.379,0.0798,0.445,0,0.389,0.713,139.986,energ
0.67,0.515,1,-6.977,0.397,0.0705,0,0.25,0.422,122.006,energ
0.959,0.776,1,-5.457,0.233,0.0565,0,0.225,0.332,107.603,energ
0.522,0.728,3,-3.801,0.0323,0.00134,0,0.132,0.18,124.045,energ
0.841,0.728,7,-3.37,0.0484,0.0847,0,0.149,0.43,130.049,energ
0.785,0.554,0,-6.571,0.0409,0.283,3.40E-06,0.116,0.144,128.047,energ
0.507,0.586,0,-8.15,0.0586,0.599,0.0544,0.118,0.588,108.164,energ
0.711,0.739,7,-3.804,0.129,0.114,0,0.226,0.43,136.919,energ
0.402,0.526,9,-6.741,0.0904,0.113,8.33E-06,0.105,0.312,81.404,energ
0.459,0.623,1,-4.45,0.0489,0.352,0,0.131,0.205,126.018,energ
0.676,0.82,7,-5.217,0.0554,0.0493,0,0.615,0.618,152.028,energ
0.741,0.645,11,-5.116,0.0963,0.192,0,0.163,0.488,149.07,energ
0.65,0.589,11,-8.02,0.0649,0.375,3.57E-05,0.128,0.438,160.031,energ
0.736,0.622,6,-4.653,0.133,0.0235,0,0.151,0.506,191.971,energ
0.762,0.553,5,-7.207,0.112,0.55,0,0.115,0.773,119.973,energ
0.792,0.484,7,-7.801,0.155,0.558,0,0.134,0.353,140.019,energ
0.828,0.37,7,-7.446,0.264,0.487,0,0.119,0.557,149.95,energ
0.823,0.768,11,-6.21,0.0819,0.0146,1.03E-06,0.127,0.216,115.021,energ
0.877,0.677,5,-4.969,0.356,0.0439,0,0.0986,0.627,144.941,energ
0.832,0.557,7,-3.947,0.053,0.307,0,0.176,0.279,125.999,energ
0.796,0.447,7,-11.612,0.426,0.174,0,0.0983,0.672,148,energ
0.534,0.816,5,-2.113,0.106,0.0255,0,0.123,0.131,116.745,energ
0.828,0.543,2,-7.678,0.0865,0.452,0,0.15,0.231,125.989,energ
0.416,0.824,1,-3.075,0.343,0.00391,0,0.104,0.417,85.433,energ
0.867,0.558,1,-6.975,0.258,0.0884,4.05E-06,0.541,0.432,139.061,energ
0.507,0.429,2,-7.726,0.326,0.0518,0,0.109,0.0744,91,energ
0.573,0.867,5,-2.876,0.168,0.0853,0,0.38,0.231,74.861,energ
0.916,0.756,0,-7.653,0.188,0.0942,0,0.23,0.756,115.69,energ
0.849,0.424,5,-9.579,0.324,0.0635,0,0.0834,0.153,145.887,energ
0.678,0.623,1,-5.034,0.0828,0.16,0,0.151,0.103,160.018,energ
0.867,0.647,10,-8.765,0.583,0.04,0,0.131,0.56,77.471,energ
0.773,0.422,1,-4.572,0.187,0.00783,0.00693,0.129,0.488,77.502,energ
0.711,0.611,1,-5.453,0.329,0.00575,0,0.231,0.144,134.14,energ
0.665,0.887,11,-2.18,0.173,0.0125,0,0.272,0.622,151.052,energ
0.775,0.461,7,-6.594,0.124,0.157,0,0.0687,0.131,134.028,energ
0.772,0.75,5,-3.67,0.0455,0.0201,0,0.074,0.587,114.061,energ
0.397,0.593,1,-5.487,0.0699,0.404,0,0.344,0.464,199.527,energ
0.485,0.843,1,-3.993,0.0467,0.00129,1.01E-05,0.14,0.602,78.001,energ
0.673,0.706,8,-8.4,0.115,0.0603,2.75E-06,0.426,0.516,74.972,energ
0.768,0.714,10,-5.11,0.0401,0.352,0,0.15,0.842,131.443,energ
0.627,0.874,7,-4.153,0.0432,0.0505,0,0.118,0.483,125.095,energ
0.654,0.787,4,-4.999,0.0502,0.00515,0,0.144,0.409,123.979,energ
0.593,0.503,8,-6.725,0.22,0.293,0,0.405,0.71,178.781,energ
0.828,0.61,1,-4.23,0.0528,0.00544,0,0.158,0.311,126.011,energ
0.527,0.835,6,-5.298,0.0433,0.0166,0,0.249,0.654,125.983,energ
0.658,0.778,10,-5.575,0.06,0.262,0.0779,0.0773,0.627,146.1,energ
0.728,0.783,11,-4.424,0.266,0.237,0,0.434,0.555,77.011,energ
0.451,0.692,11,-4.741,0.0398,0.287,0,0.115,0.423,174.122,energ
0.563,0.678,2,-4.717,0.0392,0.0228,0,0.342,0.134,127.883,energ
0.51,0.882,8,-5.659,0.159,0.00158,0.00206,0.0764,0.653,154.029,energ
0.82,0.504,4,-9.113,0.141,0.261,7.00E-06,0.104,0.275,85.016,energ
0.716,0.946,1,-3.412,0.261,0.094,6.63E-05,0.0825,0.587,139.943,energ
0.768,0.727,7,-7.31,0.142,0.229,0,0.127,0.591,95.019,energ
0.742,0.675,8,-6.551,0.0907,0.139,0,0.167,0.679,145.989,energ
0.585,0.949,4,-5.149,0.0579,0.00853,0.00254,0.0547,0.735,156.022,energ
0.75,0.711,6,-13.75,0.172,0.603,3.19E-05,0.1,0.78,89.997,energ
0.759,0.85,7,-3.587,0.0374,0.00476,0,0.192,0.26,128.03,energ
0.704,0.611,2,-6.112,0.0409,0.217,0,0.0812,0.22,100,energ
0.824,0.81,11,-6.371,0.202,0.169,0,0.134,0.476,131.037,energ
0.694,0.898,5,-6.007,0.208,0.169,2.64E-05,0.171,0.701,111.747,energ
0.412,0.229,3,-11.837,0.0411,0.933,0,0.0997,0.279,121.942,energ
0.782,0.633,8,-4.644,0.341,0.0355,0,0.0615,0.749,150.055,energ
0.734,0.766,1,-6.44,0.0376,0.0497,0.000314,0.0931,0.832,132.064,energ
0.34,0.843,11,-4.789,0.356,0.0478,0,0.436,0.417,83.057,energ
0.592,0.728,2,-6.098,0.311,0.00148,0,0.379,0.577,113.17,energ
0.737,0.846,1,-4.51,0.22,0.00614,0,0.0486,0.546,87.981,energ
0.77,0.827,7,-4.513,0.286,0.0428,0,0.0927,0.622,143.114,energ
0.738,0.475,1,-15.315,0.058,0.139,0,0.0966,0.336,104.994,energ
0.735,0.495,8,-11.003,0.0702,0.363,0,0.0913,0.633,111.945,energ
0.641,0.638,1,-9.975,0.214,0.0224,1.26E-05,0.22,0.313,174.929,energ
0.411,0.929,6,-2.393,0.0558,0.00045,0.848,0.347,0.312,126.017,energ
0.598,0.804,2,-5.39,0.123,0.0576,0,0.252,0.322,139.737,energ
0.627,0.472,2,-10.482,0.414,0.605,0,0.104,0.408,114.245,energ
0.74,0.848,2,-4.697,0.097,0.306,0,0.193,0.881,159.991,energ
0.416,0.472,10,-7.137,0.11,0.308,0.000284,0.132,0.494,135.308,energ
0.833,0.67,7,-7.313,0.194,0.046,0,0.0468,0.7,92.991,energ
0.68,0.697,5,-7.01,0.0484,0.121,0,0.661,0.684,116.033,energ
0.309,0.418,9,-8.622,0.031,0.465,7.58E-05,0.295,0.146,134.23,energ
0.373,0.833,10,-7.255,0.426,0.0396,7.35E-06,0.0541,0.36,80.436,energ
0.742,0.867,5,-7.697,0.0361,0.134,4.98E-06,0.153,0.757,129.987,energ
0.752,0.706,2,-5.575,0.099,0.0578,0,0.399,0.531,90.006,energ
0.395,0.241,3,-11.555,0.045,0.948,0.000418,0.117,0.248,77.873,energ
0.868,0.745,11,-5.82,0.268,0.187,0.000342,0.431,0.762,139.9,energ
0.767,0.313,7,-12.059,0.0798,0.838,0,0.105,0.765,82.582,energ
0.642,0.796,11,-4.26,0.171,0.0646,0,0.0901,0.46,94.157,energ
0.707,0.921,7,-3.323,0.0738,0.135,0,0.0371,0.547,99.994,energ
0.498,0.598,4,-6.638,0.0377,0.00786,0,0.111,0.0573,140.078,energ
0.644,0.892,0,-1.1,0.0567,0.13,0.000113,0.0893,0.767,180.044,energ
0.652,0.557,1,-5.714,0.0318,0.74,0,0.124,0.483,150.073,energ
0.825,0.652,1,-3.183,0.0802,0.581,0,0.0931,0.931,95.977,energ
0.654,0.76,0,-3.669,0.045,0.0797,0,0.299,0.41,99.945,energ
0.579,0.596,8,-4.823,0.0561,0.436,0.0938,0.0549,0.443,119.9,energ
0.726,0.652,1,-7.764,0.11,0.00451,3.32E-05,0.226,0.803,163.879,energ
0.771,0.826,11,-3.978,0.0604,0.142,0.03,0.145,0.185,100.012,energ
0.805,0.919,1,-1.294,0.0938,0.101,0.00343,0.0598,0.494,94.993,energ
0.854,0.611,8,-6.26,0.0864,0.223,0,0.119,0.417,100.024,energ
0.837,0.717,5,-7.749,0.0822,0.0842,0,0.149,0.494,94.984,energ
0.569,0.691,0,-3.936,0.207,0.526,0,0.209,0.494,76.54,energ
0.591,0.764,1,-5.484,0.0483,0.0383,0,0.103,0.478,169.928,energ
0.73,0.656,11,-5.07,0.0294,0.00797,0.00271,0.108,0.743,131.04,energ
0.742,0.879,0,-4.274,0.0328,0.0696,7.17E-06,0.0981,0.936,133.946,energ
0.741,0.854,9,-5.392,0.2,0.0357,0.00205,0.21,0.231,125.991,energ
0.858,0.624,8,-9.752,0.279,0.212,0,0.72,0.631,99.923,energ
0.708,0.893,8,-2.002,0.0549,0.0188,5.47E-05,0.471,0.753,100.031,energ
0.608,0.83,9,-5.396,0.0956,0.597,3.40E-06,0.118,0.211,91.088,energ
0.517,0.753,0,-7.928,0.0515,0.0228,0.278,0.105,0.269,93.917,energ
0.514,0.843,9,-4.98,0.303,0.363,0.0038,0.13,0.693,194.39,energ
0.742,0.537,10,-8.297,0.0467,0.521,0.000577,0.28,0.298,106.007,energ
0.646,0.795,9,-3.293,0.0976,0.0319,0,0.267,0.796,89.99,energ
0.365,0.467,7,-8.944,0.373,0.824,0.0618,0.196,0.314,181.434,energ
0.68,0.729,5,-5.077,0.0475,0.612,0,0.224,0.446,123.97,energ
0.893,0.757,10,-2.843,0.0738,0.112,0.0634,0.107,0.681,95.018,energ
0.858,0.843,11,-6.81,0.11,0.036,0.00014,0.173,0.323,102.019,energ
0.58,0.525,3,-10.873,0.0363,0.00695,0.0509,0.0759,0.0925,112.991,energ
0.598,0.439,2,-10.987,0.0429,0.0879,0.868,0.103,0.0673,147.84,energ
0.683,0.76,10,-5.033,0.0475,0.578,0.000139,0.14,0.445,154.06,energ
0.324,0.526,1,-8.543,0.099,0.327,0.00206,0.344,0.039,81.027,energ
0.581,0.585,1,-1.87,0.369,0.27,6.48E-05,0.179,0.63,67.443,energ
0.775,0.809,11,-7.952,0.0832,0.0798,1.79E-05,0.165,0.902,79.997,energ
0.742,0.882,7,-2.862,0.117,0.0466,0,0.206,0.463,102.04,energ
0.406,0.504,3,-7.444,0.0646,0.537,0,0.109,0.495,77.796,energ
0.703,0.66,10,-5.119,0.123,0.137,0,0.192,0.79,95.031,energ
0.628,0.698,6,-5.608,0.105,0.0472,0.00143,0.0907,0.732,89.976,energ
0.468,0.779,9,-4.839,0.0779,0.112,0.000373,0.101,0.26,173.799,energ
0.749,0.909,6,-2.979,0.332,0.136,0,0.0863,0.671,190.061,energ
0.706,0.527,5,-8.706,0.0269,0.139,0.000169,0.112,0.144,103.008,energ
0.484,0.304,7,-8.088,0.026,0.815,0,0.302,0.407,90.937,energ
0.8,0.538,9,-11.797,0.0879,0.693,0,0.116,0.895,169.948,energ
0.375,0.366,10,-8.883,0.0361,0.697,0,0.107,0.501,75.689,energ
0.639,0.728,4,-7.065,0.0301,0.0223,0.00384,0.68,0.0996,103.966,energ
0.894,0.702,2,-4.098,0.164,0.203,0.000205,0.268,0.307,90.01,energ
0.808,0.811,9,-3.856,0.0448,0.163,0,0.148,0.753,95.982,energ
0.405,0.589,8,-9.24,0.0549,0.0301,0.717,0.108,0.0631,85.98,energ
0.55,0.691,5,-4.524,0.0362,0.174,6.41E-06,0.152,0.235,134.968,energ
0.71,0.73,6,-3.655,0.109,0.28,6.13E-05,0.0863,0.636,92.019,energ
0.652,0.862,8,-2.29,0.206,0.161,0,0.203,0.727,173.859,energ
0.808,0.568,8,-11.129,0.122,0.0768,0.0786,0.0905,0.55,95.013,energ
0.857,0.787,8,-2.683,0.298,0.0531,0,0.276,0.597,89.039,energ
0.711,0.701,3,-4.424,0.237,0.474,0.0015,0.115,0.541,97.975,energ
0.663,0.787,2,-3.165,0.0792,0.066,0,0.235,0.457,180.023,energ
0.685,0.785,7,-3.1,0.222,0.139,0,0.0373,0.648,180.015,energ
0.586,0.899,5,-3.688,0.0518,0.0494,0,0.493,0.495,139.81,energ
0.861,0.632,5,-4.949,0.0489,0.67,0,0.0587,0.77,101.994,energ
0.509,0.689,1,-4.929,0.102,0.0209,0,0.301,0.297,170.087,energ
0.799,0.689,5,-6.793,0.053,0.445,0.0122,0.18,0.477,103.019,energ
0.662,0.806,0,-2.964,0.0422,0.245,0.148,0.354,0.425,92.022,energ
0.643,0.492,2,-12.115,0.0452,0.857,7.71E-06,0.19,0.368,138.016,energ
0.645,0.534,4,-5.428,0.0306,0.147,4.30E-06,0.0858,0.302,90.024,energ
0.625,0.835,11,-3.32,0.325,0.211,0.000191,0.0897,0.547,183.826,energ
0.629,0.707,11,-7.616,0.415,0.108,0.000859,0.0959,0.579,157.983,energ
0.702,0.872,5,-4.2,0.0323,0.00225,0.00865,0.104,0.325,100.052,energ
0.639,0.698,7,-6.974,0.0702,0.756,0,0.146,0.31,116.267,energ
0.774,0.907,7,-5.919,0.0514,0.0865,0.0021,0.65,0.691,111.015,energ
0.802,0.848,11,-6.259,0.0465,0.0118,0.395,0.0567,0.165,119.962,energ
0.545,0.473,11,-8.259,0.0312,0.284,0,0.0871,0.195,130,energ
0.758,0.621,9,-8.033,0.125,0.0628,0,0.0809,0.92,79.949,energ
0.867,0.72,9,-5.188,0.0619,0.129,0,0.228,0.755,104.974,energ
0.696,0.734,7,-5.294,0.0298,0.0485,0,0.183,0.711,107.987,energ
0.774,0.687,11,-4.818,0.0584,0.0179,1.17E-05,0.128,0.308,104.959,energ
0.788,0.605,1,-5.586,0.0578,0.00899,0.00275,0.318,0.427,103.94,energ
0.833,0.434,2,-8.795,0.431,0.0102,0.0219,0.165,0.281,150.062,energ
0.61,0.508,8,-6.682,0.152,0.297,0,0.384,0.758,178.818,energ
0.52,0.00486,2,-30.233,0.0457,0.996,0.95,0.111,0.561,75.342,calm
0.538,0.0101,6,-29.191,0.0363,0.995,0.942,0.088,0.481,68.322,calm
0.428,0.0064,7,-34.581,0.0488,0.995,0.95,0.0838,0.0934,43.385,calm
0.463,0.0669,0,-29.032,0.0641,0.996,0.909,0.101,0.23,71.55,calm
0.325,0.0615,4,-27.534,0.0352,0.984,0.923,0.082,0.312,94.597,calm
0.493,0.0372,1,-25.785,0.0459,0.995,0.925,0.122,0.348,62.039,calm
0.583,0.015,11,-31.7,0.0518,0.989,0.943,0.0918,0.265,126.332,calm
0.238,0.026,3,-32.656,0.0466,0.988,0.914,0.101,0.169,64.118,calm
0.366,0.0329,10,-27.124,0.0329,0.994,0.909,0.116,0.211,99.478,calm
0.358,0.0226,11,-29.195,0.0623,0.994,0.894,0.0991,0.401,86.595,calm
0.476,0.00551,8,-26.47,0.112,0.996,0.958,0.104,0.334,75.273,calm
0.412,0.0289,10,-32.394,0.0517,0.996,0.958,0.0895,0.27,151.381,calm
0.378,0.0665,3,-25.746,0.0333,0.988,0.963,0.111,0.229,112.844,calm
0.389,0.025,8,-25.448,0.0504,0.994,0.945,0.112,0.327,78.064,calm
0.616,0.0148,8,-30.179,0.069,0.992,0.964,0.113,0.361,89.902,calm
0.283,0.0329,1,-28.74,0.0341,0.975,0.899,0.109,0.192,139.106,calm
0.435,0.0404,4,-26.262,0.0358,0.984,0.96,0.0952,0.193,95.929,calm
0.422,0.0921,10,-25.712,0.0441,0.992,0.968,0.0911,0.435,87.058,calm
0.34,0.0276,10,-25.198,0.0356,0.981,0.909,0.114,0.151,145.417,calm
0.459,0.0109,11,-30.142,0.0489,0.995,0.952,0.0965,0.381,103.392,calm
0.258,0.00467,3,-36.399,0.0404,0.995,0.939,0.102,0.285,72.024,calm
0.358,0.0425,9,-29.679,0.043,0.994,0.864,0.0886,0.266,117.844,calm
0.259,0.0934,4,-28.099,0.0486,0.97,0.941,0.0974,0.205,181.815,calm
0.473,0.0309,7,-30.664,0.0493,0.982,0.923,0.124,0.209,116.612,calm
0.322,0.00785,1,-29.808,0.0348,0.989,0.934,0.102,0.198,75.871,calm
0.398,0.0173,2,-25.326,0.0435,0.995,0.922,0.0983,0.122,75.821,calm
0.641,0.0114,6,-27.475,0.0458,0.996,0.964,0.106,0.483,80.989,calm
0.505,0.0939,5,-27.887,0.0338,0.994,0.933,0.109,0.418,119.587,calm
0.455,0.0168,8,-22.268,0.0628,0.99,0.915,0.106,0.0842,141.818,calm
0.723,0.253,3,-25.567,0.0562,0.992,0.953,0.0956,0.19,86.956,calm
0.378,0.0156,10,-26.335,0.0343,0.987,0.931,0.0983,0.136,165.748,calm
0.249,0.067,2,-26.836,0.0377,0.991,0.942,0.0925,0.226,159.4,calm
0.421,0.0298,4,-29.533,0.0391,0.994,0.963,0.0814,0.17,97.572,calm
0.495,0.0696,7,-31.384,0.0296,0.96,0.898,0.119,0.276,95.193,calm
0.538,0.0366,7,-28.928,0.0455,0.991,0.928,0.114,0.435,126.176,calm
0.215,0.0469,3,-28.132,0.0426,0.987,0.902,0.11,0.378,88.342,calm
0.334,0.0168,0,-28.45,0.0422,0.994,0.95,0.0955,0.414,151.313,calm
0.536,0.0409,0,-30.8,0.0542,0.992,0.946,0.107,0.282,73.439,calm
0.415,0.0335,0,-29.673,0.0316,0.992,0.952,0.105,0.365,83.678,calm
0.283,0.0652,7,-27.036,0.0515,0.985,0.912,0.11,0.353,95.086,calm
0.402,0.0189,3,-31.931,0.0356,0.994,0.89,0.098,0.111,134.631,calm
0.412,0.0454,9,-29.298,0.036,0.994,0.93,0.0883,0.144,61.645,calm
0.569,0.0719,7,-25.977,0.0499,0.995,0.95,0.198,0.367,83.179,calm
0.21,0.0161,4,-30.355,0.0352,0.989,0.929,0.109,0.207,82.636,calm
0.517,0.0456,7,-23.8,0.0615,0.996,0.973,0.117,0.326,85.122,calm
0.477,0.0908,7,-26.326,0.0332,0.994,0.927,0.101,0.095,119.61,calm
0.492,0.0666,2,-24.054,0.0416,0.982,0.956,0.101,0.216,80.858,calm
0.333,0.072,2,-28.261,0.0354,0.992,0.956,0.105,0.271,104.058,calm
0.309,0.109,4,-23.537,0.0294,0.982,0.934,0.0997,0.148,93.719,calm
0.476,0.0039,8,-36.014,0.0379,0.995,0.919,0.113,0.0922,60.008,calm
0.331,0.0327,8,-26.863,0.0395,0.994,0.909,0.112,0.223,82.838,calm
0.429,0.0341,7,-26.623,0.0395,0.995,0.954,0.118,0.421,107.798,calm
0.445,0.0199,5,-28.408,0.0418,0.995,0.938,0.111,0.272,170.355,calm
0.402,0.0206,2,-26.297,0.0368,0.985,0.933,0.093,0.448,142.409,calm
0.399,0.0221,9,-25.535,0.0382,0.994,0.888,0.0717,0.148,102.098,calm
0.611,0.0126,7,-26.619,0.0671,0.996,0.94,0.107,0.263,68.395,calm
0.427,0.0306,0,-29.722,0.0426,0.994,0.938,0.0976,0.534,107.206,calm
0.721,0.0366,5,-29.638,0.0877,0.995,0.963,0.107,0.397,80.005,calm
0.4,0.0519,10,-28.729,0.0415,0.991,0.956,0.109,0.117,76.941,calm
0.268,0.0056,6,-39.121,0.0396,0.99,0.958,0.0727,0.138,145.925,calm
0.357,0.0358,4,-25.535,0.036,0.981,0.879,0.0854,0.143,104.108,calm
0.389,0.0239,0,-27.087,0.044,0.992,0.943,0.111,0.279,139.879,calm
0.268,0.0366,7,-28.847,0.0542,0.992,0.897,0.126,0.217,172.393,calm
0.391,0.0774,7,-28.964,0.0401,0.984,0.947,0.106,0.217,72.253,calm
0.405,0.0413,2,-30.36,0.0465,0.994,0.951,0.0911,0.417,136.131,calm
0.316,0.0319,6,-29.428,0.0511,0.992,0.92,0.0926,0.223,175.256,calm
0.345,0.0305,6,-24.169,0.0326,0.987,0.935,0.1,0.137,162.612,calm
0.373,0.055,8,-24.644,0.0355,0.993,0.899,0.104,0.204,91.564,calm
0.433,0.0443,6,-23.394,0.0365,0.944,0.928,0.106,0.115,90.192,calm
0.436,0.035,2,-19.483,0.0413,0.993,0.967,0.118,0.285,93.042,calm
0.452,0.0222,0,-24.859,0.0337,0.915,0.867,0.112,0.038,56.316,calm
0.482,0.234,7,-22.993,0.0379,0.995,0.943,0.101,0.593,95.657,calm
0.235,0.0325,0,-27.994,0.0535,0.994,0.917,0.0751,0.16,189.656,calm
0.444,0.0777,9,-21.868,0.0483,0.99,0.953,0.103,0.218,86.117,calm
0.447,0.163,2,-23.01,0.0335,0.98,0.95,0.107,0.512,129.366,calm
0.544,0.0116,7,-28.697,0.0444,0.996,0.943,0.143,0.621,78.126,calm
0.28,0.0485,7,-28.995,0.0385,0.995,0.933,0.116,0.273,147.162,calm
0.396,0.0409,5,-25.002,0.0401,0.988,0.936,0.102,0.106,113.926,calm
0.384,0.144,3,-26.661,0.0356,0.993,0.937,0.0938,0.49,96.222,calm
0.309,0.0318,0,-28.558,0.0444,0.993,0.941,0.133,0.138,75.888,calm
0.368,0.0571,0,-21.341,0.0431,0.949,0.903,0.101,0.582,116.56,calm
0.455,0.0559,10,-24.669,0.0436,0.99,0.893,0.111,0.415,114.668,calm
0.367,0.0221,2,-27.33,0.0459,0.996,0.95,0.0709,0.158,103.169,calm
0.413,0.0604,3,-27.589,0.037,0.987,0.967,0.102,0.16,70.782,calm
0.517,0.0154,3,-27.987,0.0787,0.991,0.967,0.13,0.149,112.974,calm
0.271,0.0452,7,-28.549,0.0362,0.984,0.934,0.104,0.272,149.538,calm
0.334,0.0088,0,-25.986,0.0525,0.994,0.932,0.111,0.374,83.406,calm
0.531,0.00335,4,-30.845,0.0725,0.995,0.971,0.0937,0.552,109.005,calm
0.461,0.0118,5,-27.508,0.0419,0.995,0.917,0.118,0.263,121.01,calm
0.289,0.0176,8,-30.91,0.0334,0.995,0.917,0.103,0.136,174.146,calm
0.477,0.026,1,-22.539,0.0571,0.995,0.957,0.104,0.0655,73.417,calm
0.402,0.0397,0,-29.183,0.0346,0.994,0.937,0.103,0.209,67.768,calm
0.489,0.00954,4,-29.072,0.0723,0.995,0.961,0.0925,0.56,59.505,calm
0.472,0.00763,9,-28.08,0.0664,0.993,0.952,0.098,0.113,121.349,calm
0.277,0.0453,5,-28.917,0.0372,0.993,0.932,0.0927,0.184,89.635,calm
0.393,0.0399,8,-27.124,0.0469,0.982,0.892,0.109,0.147,123.787,calm
0.435,0.0304,0,-27.775,0.0674,0.978,0.95,0.122,0.223,66.482,calm
0.48,0.0512,6,-24.76,0.0705,0.995,0.966,0.109,0.609,82.538,calm
0.469,0.0029,8,-40.436,0.0525,0.992,0.939,0.135,0.509,116.219,calm
0.456,0.0203,3,-24.086,0.0435,0.995,0.946,0.107,0.44,82.939,calm
0.527,0.13,3,-27.654,0.0422,0.993,0.879,0.118,0.663,111.228,calm
0.474,0.0542,1,-24.837,0.087,0.996,0.968,0.104,0.489,73.423,calm
0.31,0.0619,0,-26.16,0.0495,0.993,0.933,0.108,0.146,70.979,calm
0.321,0.0327,10,-25.583,0.035,0.992,0.976,0.0837,0.184,95.689,calm
0.394,0.0118,5,-27.989,0.0406,0.995,0.912,0.12,0.221,69.746,calm
0.527,0.00824,6,-31.547,0.0582,0.995,0.95,0.103,0.403,75.814,calm
0.259,0.0251,1,-26.902,0.0429,0.994,0.91,0.113,0.0928,67.098,calm
0.594,0.0308,5,-27.629,0.0532,0.995,0.956,0.123,0.325,110.407,calm
0.355,0.0368,2,-25.302,0.0393,0.992,0.937,0.113,0.0492,106.637,calm
0.366,0.0778,10,-25.652,0.0521,0.994,0.966,0.109,0.482,81.571,calm
0.472,0.0363,2,-25.107,0.05,0.996,0.926,0.105,0.309,82.562,calm
0.497,0.0119,2,-25.252,0.0426,0.971,0.949,0.112,0.361,76.151,calm
0.434,0.00756,9,-26.945,0.0389,0.994,0.92,0.0868,0.268,113.557,calm
0.436,0.0123,6,-31.018,0.0431,0.991,0.969,0.0938,0.226,133.036,calm
0.48,0.0275,7,-26.699,0.0546,0.995,0.968,0.119,0.354,135.106,calm
0.668,0.0129,0,-26.127,0.174,0.995,0.973,0.111,0.555,77.252,calm
0.511,0.0465,4,-25.711,0.0417,0.995,0.956,0.0801,0.31,130.43,calm
0.508,0.0346,2,-30.265,0.035,0.993,0.949,0.108,0.175,90.113,calm
0.38,0.0202,2,-30.807,0.0459,0.994,0.851,0.0979,0.517,118.551,calm
0.315,0.0707,7,-27.941,0.0356,0.988,0.942,0.111,0.221,100.92,calm
0.306,0.00806,8,-29.693,0.0386,0.985,0.869,0.101,0.324,141.475,calm
0.445,0.0307,6,-28.352,0.0444,0.993,0.921,0.104,0.221,61.735,calm
0.411,0.0235,0,-32.494,0.0388,0.994,0.896,0.095,0.177,143.044,calm
0.492,0.138,4,-27.362,0.0502,0.991,0.933,0.0893,0.184,114.103,calm
0.454,0.0318,9,-30.202,0.0475,0.99,0.935,0.0907,0.445,139.509,calm
0.374,0.023,1,-33.9,0.0347,0.983,0.916,0.106,0.0776,118.96,calm
0.335,0.0173,6,-26.267,0.0313,0.947,0.851,0.153,0.222,146.22,calm
0.763,0.00532,3,-28.834,0.0674,0.991,0.961,0.0981,0.251,87.885,calm
0.3,0.0464,2,-27.828,0.0429,0.986,0.897,0.105,0.172,129.952,calm
0.464,0.00181,8,-31.933,0.046,0.986,0.895,0.117,0.368,87.456,calm
0.413,0.0615,3,-25.365,0.0466,0.994,0.954,0.103,0.321,69.462,calm
0.465,0.0553,6,-26.424,0.0455,0.995,0.956,0.103,0.47,77.131,calm
0.367,0.0167,0,-29.603,0.045,0.992,0.953,0.103,0.135,108.711,calm
0.412,0.0305,8,-27.851,0.0408,0.992,0.936,0.14,0.146,136.153,calm
0.29,0.0276,6,-28.131,0.0342,0.994,0.829,0.084,0.179,81.443,calm
0.288,0.00706,7,-33.604,0.0443,0.987,0.959,0.121,0.0898,79.384,calm
0.435,0.00661,11,-32.108,0.0433,0.993,0.939,0.102,0.203,95.626,calm
0.458,0.00814,7,-27.495,0.137,0.995,0.961,0.113,0.262,77.941,calm
0.537,0.0844,3,-21.959,0.0666,0.996,0.961,0.107,0.321,83.117,calm
0.289,0.015,1,-32.188,0.0609,0.994,0.908,0.103,0.259,61.393,calm
0.424,0.045,9,-24.139,0.0446,0.996,0.954,0.12,0.402,167.486,calm
0.32,0.0163,1,-30.26,0.0388,0.993,0.931,0.108,0.124,81.965,calm
0.257,0.0377,5,-30.735,0.0394,0.982,0.893,0.119,0.0767,86.503,calm
0.427,0.0278,6,-21.905,0.0395,0.989,0.95,0.104,0.329,77.492,calm
0.458,0.0415,9,-27.81,0.0557,0.995,0.939,0.0781,0.193,122.501,calm
0.314,0.0579,9,-26.341,0.0333,0.992,0.936,0.0827,0.108,98.92,calm
0.24,0.0326,2,-29.175,0.0398,0.99,0.928,0.103,0.225,204.257,calm
0.406,0.0269,7,-28.116,0.036,0.995,0.948,0.114,0.141,95.673,calm
0.401,0.079,10,-24.34,0.0534,0.991,0.873,0.103,0.548,161.708,calm
0.248,0.015,9,-28.978,0.0328,0.987,0.921,0.107,0.299,77.643,calm
0.632,0.022,0,-29.264,0.0473,0.994,0.958,0.0935,0.374,67.988,calm
0.548,0.153,9,-22.635,0.0313,0.976,0.91,0.106,0.261,135.216,calm
0.432,0.0458,7,-30.643,0.0329,0.984,0.891,0.102,0.203,144.434,calm
0.414,0.0177,9,-27.618,0.109,0.994,0.965,0.124,0.193,177.393,calm
0.377,0.023,4,-26.911,0.0399,0.973,0.905,0.104,0.133,50.131,calm
0.351,0.00504,0,-31.773,0.0386,0.992,0.948,0.0921,0.0717,97.071,calm
0.325,0.0418,3,-28.66,0.0357,0.994,0.941,0.105,0.239,64.288,calm
0.425,0.0497,4,-26.293,0.0392,0.986,0.888,0.104,0.255,134.645,calm
0.435,0.0399,7,-25.734,0.0385,0.994,0.911,0.105,0.257,118.819,calm
0.333,0.0235,1,-21.916,0.0623,0.986,0.917,0.107,0.546,168.352,calm
0.295,0.0956,4,-24.857,0.0303,0.985,0.902,0.11,0.352,82.433,calm
0.557,0.0395,3,-26.066,0.0419,0.988,0.923,0.121,0.183,84.017,calm
0.392,0.0632,5,-23.416,0.0347,0.991,0.898,0.107,0.26,97.821,calm
0.463,0.0225,5,-27.72,0.0346,0.993,0.929,0.111,0.254,99.396,calm
0.425,0.0413,3,-27.595,0.0439,0.984,0.922,0.106,0.152,133.764,calm
0.461,0.0256,5,-26.405,0.052,0.996,0.944,0.109,0.474,130.615,calm
0.344,0.0893,9,-26.873,0.0354,0.99,0.927,0.0958,0.178,94.414,calm
0.477,0.0384,7,-31.781,0.0372,0.983,0.952,0.123,0.149,91.452,calm
0.346,0.0474,5,-24.373,0.0321,0.993,0.919,0.0917,0.189,78.41,calm
0.39,0.0358,0,-27.261,0.0342,0.992,0.89,0.122,0.159,140.22,calm
0.398,0.0818,10,-24.146,0.0461,0.991,0.89,0.105,0.215,89.945,calm
0.48,0.0348,3,-26.772,0.044,0.994,0.948,0.107,0.153,91.481,calm
0.482,0.0389,10,-27.209,0.036,0.987,0.961,0.109,0.191,44.153,calm
0.366,0.0478,1,-27.788,0.0359,0.985,0.938,0.104,0.157,87.479,calm
0.394,0.0998,2,-29.231,0.0321,0.975,0.931,0.112,0.15,100.498,calm
0.576,0.0359,3,-29.107,0.0929,0.995,0.951,0.11,0.101,139.033,calm
0.491,0.106,3,-23.442,0.0588,0.995,0.968,0.105,0.395,88.01,calm
0.412,0.0394,3,-26.907,0.033,0.992,0.976,0.107,0.19,51.076,calm
0.393,0.104,6,-26.878,0.0425,0.988,0.922,0.0995,0.378,163.274,calm
0.551,0.0716,4,-23.494,0.0504,0.996,0.961,0.11,0.145,80.818,calm
0.259,0.00486,0,-31.167,0.0524,0.994,0.927,0.144,0.281,65.403,calm
0.43,0.0404,0,-29.926,0.0404,0.982,0.939,0.0982,0.104,82.137,calm
0.38,0.0137,6,-30.315,0.0404,0.99,0.934,0.0944,0.18,129.773,calm
0.315,0.0192,8,-29.55,0.0484,0.983,0.938,0.107,0.138,66.861,calm
0.417,0.00489,1,-31.073,0.0419,0.988,0.937,0.0911,0.286,71.084,calm
0.503,0.0555,3,-24.975,0.0338,0.977,0.824,0.106,0.167,128.033,calm
0.32,0.00887,9,-31.204,0.0464,0.994,0.93,0.0944,0.273,93.517,calm
0.424,0.0186,0,-29.397,0.0443,0.987,0.956,0.104,0.175,85.336,calm
0.338,0.0475,4,-23.094,0.0285,0.987,0.942,0.11,0.138,79.942,calm
0.34,0.0755,8,-31.981,0.0368,0.989,0.938,0.106,0.136,116.385,calm
0.404,0.0341,5,-27.587,0.0611,0.995,0.923,0.117,0.239,105.706,calm
0.465,0.107,1,-26.244,0.0402,0.989,0.959,0.102,0.299,110.721,calm
0.514,0.105,2,-28.108,0.0427,0.992,0.923,0.103,0.189,70.778,calm
0.385,0.0251,9,-27.255,0.0508,0.992,0.942,0.106,0.238,63.828,calm
0.512,0.0493,11,-28.188,0.043,0.995,0.9,0.0973,0.524,74.929,calm
0.267,0.052,5,-26.421,0.0343,0.991,0.919,0.116,0.269,77.457,calm
0.29,0.0197,5,-24.45,0.0443,0.994,0.903,0.111,0.319,58.217,calm
0.536,0.0688,5,-24.904,0.0349,0.991,0.933,0.106,0.108,96.804,calm
0.318,0.00203,0,-28.112,0.0452,0.994,0.921,0.0956,0.249,123.286,calm
0.29,0.044,0,-29.674,0.053,0.996,0.934,0.103,0.137,161.642,calm
0.359,0.0317,0,-27.093,0.0336,0.992,0.96,0.107,0.196,78.178,calm
0.5,0.025,3,-28.528,0.0606,0.977,0.957,0.104,0.183,110.023,calm
0.485,0.0309,1,-28.581,0.0523,0.987,0.934,0.104,0.11,111.324,calm
0.375,0.032,2,-29.684,0.0452,0.988,0.842,0.0922,0.232,85.909,calm
0.442,0.0117,2,-28.361,0.0461,0.995,0.947,0.101,0.0491,65.109,calm
0.436,0.0356,0,-24.023,0.0409,0.992,0.961,0.0895,0.238,129.932,calm
0.36,0.0297,5,-30.767,0.0338,0.994,0.924,0.0898,0.323,103.85,calm
0.382,0.0179,11,-25.572,0.0359,0.991,0.937,0.0933,0.215,74.816,calm
0.422,0.0384,6,-31.245,0.0376,0.992,0.911,0.099,0.306,96.666,calm
0.344,0.0392,6,-23.655,0.0442,0.958,0.887,0.111,0.155,128.484,calm
0.393,0.0203,2,-31.088,0.0401,0.993,0.892,0.0851,0.173,52.993,calm
0.435,0.0726,6,-24.788,0.0356,0.988,0.941,0.107,0.424,72.702,calm
0.36,0.102,5,-30.542,0.0568,0.973,0.936,0.109,0.118,66.7,calm
0.388,0.0651,2,-30.34,0.0387,0.966,0.925,0.111,0.0397,85.008,calm
0.424,0.0661,5,-27.191,0.0476,0.992,0.932,0.129,0.124,81.338,calm
0.428,0.0598,3,-27.332,0.065,0.995,0.952,0.0978,0.119,140.933,calm
0.354,0.0419,10,-23.571,0.044,0.993,0.922,0.103,0.115,50.007,calm
0.385,0.0467,7,-27.917,0.0458,0.995,0.914,0.112,0.495,74.732,calm
0.397,0.00375,9,-38.226,0.0393,0.988,0.957,0.115,0.11,64.443,calm
0.34,0.00262,9,-33.727,0.0557,0.995,0.944,0.0869,0.292,68.415,calm
0.563,0.0575,2,-29.565,0.0504,0.992,0.923,0.099,0.2,59.759,calm
0.465,0.0116,9,-31.845,0.0434,0.994,0.957,0.091,0.318,96.115,calm
0.298,0.033,10,-29.774,0.046,0.99,0.909,0.125,0.121,87.406,calm
0.359,0.0445,7,-27.939,0.0453,0.995,0.9,0.0811,0.14,79.215,calm
0.494,0.122,8,-29.449,0.0621,0.995,0.966,0.114,0.411,87.619,calm
0.286,0.0206,7,-30.593,0.0475,0.993,0.927,0.11,0.316,123.067,calm
0.507,0.0443,0,-27.756,0.0535,0.988,0.93,0.117,0.14,132.104,calm
0.458,0.0161,5,-27.243,0.0425,0.995,0.965,0.0907,0.0714,138.182,calm
0.318,0.00771,2,-26.014,0.0444,0.995,0.758,0.101,0.132,79.263,calm
0.33,0.0109,6,-30.403,0.0356,0.982,0.924,0.112,0.208,82.43,calm
0.442,0.0992,0,-22.153,0.0346,0.983,0.852,0.0975,0.213,113.645,calm
0.419,0.0126,2,-30.76,0.038,0.992,0.936,0.0935,0.157,103.524,calm
0.444,0.0268,10,-30.855,0.0497,0.992,0.901,0.0986,0.0395,82.714,calm
0.41,0.138,0,-25.783,0.0304,0.98,0.918,0.108,0.184,83.35,calm
0.337,0.0293,9,-27.45,0.0433,0.995,0.926,0.0856,0.104,59.138,calm
0.412,0.0598,10,-29.046,0.0399,0.995,0.971,0.11,0.464,54.351,calm
0.428,0.0335,0,-32.234,0.0403,0.986,0.954,0.0987,0.0587,126.318,calm
0.427,0.0108,4,-32.288,0.048,0.993,0.897,0.0878,0.419,57.486,calm
0.416,0.0207,8,-32.266,0.0413,0.99,0.932,0.0981,0.195,118.822,calm
0.336,0.0514,0,-24.175,0.0417,0.993,0.944,0.111,0.0988,82.035,calm
0.495,0.0495,10,-29.144,0.0358,0.984,0.937,0.102,0.223,61.915,calm
0.484,0.0205,2,-27.805,0.0459,0.996,0.968,0.0996,0.0974,70.947,calm
0.372,0.0407,3,-29.75,0.0489,0.991,0.946,0.101,0.0564,81.931,calm
0.382,0.0398,10,-22.625,0.0353,0.988,0.933,0.102,0.243,108.354,calm
0.47,0.0633,1,-28.645,0.0411,0.979,0.968,0.108,0.129,104.15,calm
0.324,0.0568,2,-26.134,0.0403,0.983,0.932,0.101,0.138,89.204,calm
0.47,0.0884,6,-26.904,0.036,0.985,0.915,0.108,0.199,99,calm
0.199,0.0404,10,-32.952,0.0339,0.991,0.906,0.105,0.283,166.947,calm
0.475,0.0631,5,-27.611,0.0369,0.989,0.953,0.103,0.16,134.841,calm
0.383,0.0191,5,-32.937,0.0455,0.993,0.976,0.133,0.422,119.226,calm
0.492,0.0144,1,-24.983,0.0603,0.99,0.951,0.106,0.535,75.528,calm
0.494,0.0255,5,-24.453,0.0375,0.98,0.943,0.108,0.22,93.41,calm
0.448,0.011,10,-26.821,0.0469,0.996,0.94,0.101,0.301,92.778,calm
0.199,0.0153,6,-30.997,0.0459,0.995,0.891,0.105,0.165,75.403,calm
0.392,0.00607,10,-31.917,0.0479,0.995,0.891,0.11,0.422,59.807,calm
0.494,0.04,7,-26.33,0.0425,0.98,0.934,0.107,0.225,123.157,calm
0.502,0.0151,5,-30.803,0.0445,0.989,0.957,0.125,0.258,91.148,calm
0.416,0.0472,1,-29.503,0.038,0.988,0.967,0.103,0.152,85.571,calm
0.424,0.0619,11,-24.759,0.0388,0.995,0.95,0.106,0.175,102.89,calm
0.361,0.0274,0,-28.427,0.0536,0.995,0.917,0.0934,0.144,66.719,calm
0.486,0.0161,5,-32.073,0.0416,0.985,0.957,0.0975,0.278,122.491,calm
0.402,0.0277,9,-29.765,0.042,0.963,0.942,0.0942,0.076,120.278,calm
0.408,0.0686,0,-33.682,0.0444,0.995,0.956,0.119,0.546,132.445,calm
0.3,0.013,3,-34.049,0.0358,0.99,0.929,0.114,0.208,90.631,calm
0.427,0.0188,0,-26.621,0.0391,0.991,0.955,0.102,0.16,130.468,calm
0.27,0.0229,5,-29.554,0.0363,0.994,0.911,0.0818,0.238,88.897,calm
0.464,0.0802,2,-26.387,0.0355,0.99,0.945,0.102,0.131,85.426,calm
0.418,0.0241,5,-26.504,0.0401,0.989,0.923,0.109,0.117,134.685,calm
0.479,0.0431,0,-28.446,0.0378,0.996,0.94,0.0914,0.172,95.694,calm
0.389,0.0814,5,-27.75,0.0466,0.994,0.927,0.106,0.512,140.637,calm
0.33,0.0419,7,-29.018,0.0438,0.966,0.91,0.109,0.201,62.403,calm
0.515,0.048,1,-31.346,0.0408,0.989,0.935,0.1,0.0944,98.594,calm
0.425,0.00745,0,-31.61,0.0421,0.993,0.936,0.117,0.242,78.951,calm
0.295,0.0223,10,-21.883,0.04,0.988,0.943,0.111,0.392,72.766,calm
0.498,0.0431,4,-25.72,0.0388,0.995,0.931,0.109,0.338,104.592,calm
0.334,0.00688,7,-32.456,0.043,0.995,0.939,0.0917,0.202,97.339,calm
0.419,0.0391,3,-28.006,0.0362,0.995,0.946,0.114,0.414,92.371,calm
0.277,0.00176,0,-43.303,0.0485,0.99,0.945,0.103,0.0795,110.541,calm
0.486,0.0343,4,-27.467,0.0441,0.995,0.933,0.107,0.592,90.399,calm
0.271,0.0185,8,-28.615,0.0433,0.993,0.922,0.101,0.116,125.408,calm
0.438,0.0358,1,-28.953,0.0344,0.987,0.93,0.0966,0.115,90.827,calm
0.365,0.0282,1,-31.059,0.0373,0.993,0.937,0.116,0.466,86.109,calm
0.515,0.0306,2,-34.997,0.0662,0.996,0.952,0.092,0.364,62.057,calm
0.248,0.0173,0,-24.515,0.0417,0.995,0.936,0.0946,0.179,199.345,calm
0.361,0.0211,3,-29.807,0.0404,0.994,0.928,0.105,0.365,87.514,calm
0.383,0.0116,10,-37.203,0.0393,0.995,0.912,0.08,0.264,80.171,calm
0.428,0.00354,0,-30.752,0.0457,0.994,0.94,0.114,0.345,55.059,calm
0.448,0.0128,2,-32.765,0.0581,0.995,0.926,0.0812,0.21,59.934,calm
0.474,0.0315,5,-29.749,0.0433,0.995,0.925,0.11,0.146,127.789,calm
0.363,0.185,8,-21.804,0.091,0.985,0.951,0.107,0.144,67.628,calm
0.23,0.0126,5,-28.746,0.0401,0.99,0.898,0.158,0.131,79.525,calm
0.475,0.0451,0,-27.516,0.0296,0.96,0.94,0.11,0.342,80.874,calm
0.243,0.0246,7,-29.454,0.0396,0.992,0.875,0.113,0.214,168.098,calm
0.386,0.0276,10,-30.585,0.0405,0.994,0.943,0.11,0.477,139.099,calm
0.419,0.0142,7,-35.436,0.0291,0.991,0.936,0.0981,0.252,97.854,calm
0.499,0.0188,0,-28.836,0.11,0.995,0.911,0.106,0.14,81.395,calm
0.653,0.378,5,-8.273,0.0533,0.658,0,0.177,0.54,91.835,calm
0.358,0.557,10,-7.398,0.059,0.695,0,0.0902,0.494,85.043,calm
0.479,0.545,7,-7.346,0.0688,0.365,0,0.0963,0.244,74.897,calm
0.614,0.379,4,-10.48,0.0476,0.607,0.000464,0.0986,0.201,107.989,calm
0.453,0.496,5,-5.785,0.0453,0.554,2.65E-05,0.0772,0.501,80.994,calm
0.758,0.501,0,-7.051,0.0589,0.252,0,0.191,0.397,78.042,calm
0.479,0.419,0,-6.517,0.0389,0.568,0.000217,0.11,0.186,85.014,calm
0.129,0.263,8,-20.749,0.0592,0.915,0.846,0.111,0.0383,77.144,calm
0.565,0.654,1,-6.826,0.0335,0.0542,1.80E-06,0.122,0.235,111.968,calm
0.693,0.385,2,-11.188,0.0357,0.68,0,0.192,0.43,84.939,calm
0.695,0.615,7,-5.325,0.042,0.15,0.000212,0.0879,0.414,124.015,calm
0.868,0.7,7,-6.408,0.1,0.0933,0.00685,0.0815,0.458,121.988,calm
0.684,0.341,9,-9.497,0.0272,0.837,2.69E-05,0.0883,0.557,75.948,calm
0.604,0.843,10,-3.932,0.1,0.036,6.22E-06,0.183,0.688,173.982,calm
0.781,0.445,2,-6.061,0.0295,0.474,0,0.184,0.591,78.998,calm
0.537,0.485,2,-8.131,0.0332,0.102,3.83E-06,0.319,0.293,152.012,calm
0.546,0.477,4,-9.051,0.0273,0.559,0.0612,0.0911,0.16,160,calm
0.53,0.605,0,-8.79,0.0931,0.0572,5.61E-05,0.248,0.217,163.491,calm
0.612,0.805,2,-3.963,0.0711,7.58E-05,0.000785,0.0837,0.7,160.116,calm
0.626,0.307,7,-15.824,0.0285,0.96,0.901,0.102,0.319,89.009,calm
0.422,0.264,8,-7.064,0.0322,0.922,0,0.132,0.331,119.93,calm
0.626,0.577,6,-5.999,0.078,0.314,0.000124,0.151,0.501,80.058,calm
0.553,0.507,11,-6.24,0.0304,0.473,0,0.108,0.57,83.093,calm
0.484,0.131,0,-13.617,0.0453,0.77,0,0.0693,0.373,101.313,calm
0.367,0.121,6,-13.778,0.0335,0.972,0.0322,0.0871,0.0926,132.244,calm
0.642,0.455,1,-7.558,0.0333,0.983,0.00561,0.105,0.725,91.718,calm
0.325,0.18,10,-10.647,0.0311,0.91,0.000633,0.113,0.0997,72.416,calm
0.636,0.459,10,-6.72,0.0748,0.306,0,0.106,0.285,119.462,calm
0.679,0.487,5,-5.811,0.0352,0.545,3.36E-05,0.0772,0.506,81.994,calm
0.792,0.634,4,-6.566,0.0348,0.245,7.11E-06,0.136,0.322,99.989,calm
0.794,0.32,1,-12.92,0.173,0.853,0.134,0.112,0.241,174.088,calm
0.458,0.219,8,-14.391,0.0407,0.898,0.939,0.114,0.52,92.151,calm
0.522,0.385,0,-7.355,0.0288,0.536,0,0.135,0.236,89.792,calm
0.562,0.534,7,-9.376,0.0406,0.73,1.28E-05,0.101,0.107,139.956,calm
0.446,0.71,5,-7.234,0.042,0.0491,0.00152,0.109,0.465,91.397,calm
0.569,0.536,11,-7.231,0.0325,0.379,0,0.111,0.187,94.019,calm
0.589,0.242,6,-10.517,0.0442,0.914,0,0.0887,0.257,89.749,calm
0.546,0.311,1,-10.396,0.0288,0.818,1.65E-05,0.107,0.246,147.464,calm
0.748,0.791,7,-10.006,0.268,0.0665,0.512,0.0971,0.12,128.963,calm
0.666,0.615,10,-4.995,0.0314,0.0663,0,0.111,0.161,113.978,calm
0.75,0.548,2,-7.704,0.0492,0.111,0,0.0633,0.497,101.031,calm
0.608,0.174,1,-8.796,0.0332,0.851,1.92E-05,0.0855,0.193,112.175,calm
0.457,0.423,0,-13.567,0.0335,0.968,0.913,0.128,0.645,103.996,calm
0.371,0.268,1,-10.506,0.0281,0.748,0.0517,0.104,0.165,102.617,calm
0.439,0.153,1,-8.95,0.0479,0.874,0,0.107,0.104,116.76,calm
0.527,0.537,0,-5.637,0.0705,0.531,0,0.116,0.219,129.882,calm
0.492,0.275,6,-13.4,0.3,0.687,0,0.101,0.18,92.6,calm
0.771,0.195,6,-12.375,0.0436,0.827,0.472,0.0956,0.187,139.841,calm
0.5,0.292,0,-8.554,0.0323,0.746,0,0.188,0.37,145.879,calm
0.73,0.319,7,-14.623,0.0293,0.362,0.000341,0.125,0.628,120.043,calm
0.663,0.809,2,-7.219,0.0366,0.0677,0.0133,0.281,0.385,125.009,calm
0.599,0.448,8,-6.312,0.0232,0.163,0,0.106,0.168,95.05,calm
0.543,0.229,0,-14.521,0.078,0.82,0,0.0636,0.658,120.755,calm
0.414,0.419,0,-6.431,0.0388,0.55,0.000195,0.11,0.18,84.082,calm
0.565,0.176,0,-9.254,0.0419,0.956,5.47E-06,0.108,0.301,97.931,calm
0.721,0.12,7,-11.944,0.041,0.561,6.15E-05,0.134,0.302,114.776,calm
0.674,0.711,4,-6.671,0.0286,0.00894,0.163,0.1,0.742,119.987,calm
0.688,0.927,2,-2.283,0.0337,0.0776,0,0.0673,0.91,150.015,calm
0.53,0.538,5,-6.672,0.0335,0.17,2.83E-06,0.248,0.288,148.051,calm
0.209,0.412,0,-9.733,0.0443,0.172,0.15,0.0843,0.162,86.26,calm
0.409,0.22,9,-17.233,0.0454,0.882,0.406,0.0926,0.168,120.955,calm
0.729,0.405,8,-8.546,0.133,0.0592,0.00991,0.12,0.634,169.973,calm
0.483,0.361,0,-7.889,0.0738,0.832,4.66E-06,0.098,0.307,171.649,calm
0.389,0.673,6,-7.28,0.0352,0.0838,0,0.282,0.413,149.822,calm
0.9,0.4,0,-8.575,0.127,0.0516,0,0.0599,0.346,135.984,calm
0.784,0.278,6,-10.745,0.041,0.918,0.000196,0.112,0.741,105.034,calm
0.569,0.473,5,-8.744,0.0505,0.268,1.16E-05,0.128,0.177,127.879,calm
0.74,0.731,4,-7.714,0.0588,0.441,7.59E-05,0.0613,0.563,100.033,calm
0.418,0.39,7,-9.522,0.0486,0.267,3.85E-06,0.359,0.242,141.755,calm
0.586,0.452,7,-9.969,0.0396,0.682,0.000217,0.127,0.12,119.91,calm
0.569,0.84,1,-4.123,0.118,0.0295,0.000118,0.0995,0.749,183.059,calm
0.677,0.74,9,-4.212,0.038,0.32,4.08E-05,0.0868,0.507,120.025,calm
0.764,0.32,11,-7.209,0.0546,0.837,0,0.0822,0.575,91.019,calm
0.74,0.315,2,-16.047,0.41,0.132,0.00363,0.0874,0.413,83.725,calm
0.624,0.212,9,-11.863,0.0255,0.636,0.0426,0.0643,0.0802,106.704,calm
0.642,0.289,9,-9.918,0.0367,0.669,0,0.18,0.407,84.996,calm
0.693,0.477,5,-8.012,0.0305,0.592,0,0.118,0.31,122.06,calm
0.562,0.174,6,-10.591,0.0451,0.919,0,0.102,0.51,118.627,calm
0.463,0.427,8,-9.799,0.0549,0.628,0.000565,0.0911,0.231,116.059,calm
0.699,0.608,5,-5.036,0.0359,0.0941,0,0.0718,0.444,145.053,calm
0.759,0.416,5,-9.865,0.158,0.0562,0,0.0997,0.567,160.002,calm
0.469,0.592,5,-4.962,0.0399,0.0393,0,0.105,0.0938,161.996,calm
0.436,0.562,11,-6.106,0.0278,0.0102,0.000278,0.198,0.24,150.066,calm
0.589,0.389,0,-5.972,0.028,0.851,0,0.0772,0.501,89.1,calm
0.733,0.28,9,-11.031,0.0732,0.086,2.56E-06,0.0984,0.22,129.985,calm
0.429,0.661,11,-7.227,0.0281,0.00239,0.000121,0.234,0.285,173.372,calm
0.544,0.63,0,-7.523,0.0335,0.034,0.573,0.0961,0.202,120.064,calm
0.575,0.648,10,-4.891,0.0358,0.583,0,0.115,0.466,75.977,calm
0.866,0.56,1,-10.405,0.275,0.545,0.00266,0.104,0.393,79.988,calm
0.868,0.347,5,-9.529,0.0536,0.308,2.00E-05,0.11,0.659,110.059,calm
0.404,0.21,5,-9.127,0.0394,0.951,0,0.0948,0.294,134.578,calm
0.852,0.563,3,-7.637,0.061,0.191,0.000129,0.119,0.796,148.004,calm
0.651,0.681,2,-5.006,0.0497,0.0422,0,0.338,0.761,165.889,calm
0.748,0.52,0,-11.082,0.317,0.0285,0.927,0.093,0.159,150.438,calm
0.526,0.328,1,-9.864,0.0461,0.694,0,0.112,0.11,116.068,calm
0.379,0.29,4,-8.485,0.051,0.952,0.00106,0.118,0.169,166.467,calm
0.652,0.632,7,-6.612,0.0375,0.363,1.20E-05,0.124,0.484,99.952,calm
0.582,0.272,2,-5.662,0.0501,0.875,0,0.13,0.354,205.846,calm
0.444,0.283,2,-9.225,0.031,0.0015,0,0.137,0.112,114.344,calm
0.675,0.885,1,-4.432,0.0436,0.217,0,0.086,0.768,97.03,calm
0.704,0.558,2,-7.273,0.0542,0.148,0,0.107,0.245,110.444,calm
0.439,0.489,8,-6.286,0.0368,0.132,0.000643,0.114,0.253,143.808,calm
0.674,0.566,9,-11.136,0.0304,0.665,0.0556,0.118,0.244,123.994,calm
0.376,0.466,10,-6.927,0.0353,0.514,5.80E-05,0.0781,0.276,199.835,calm
0.405,0.111,0,-11.879,0.0369,0.964,4.37E-05,0.0872,0.219,116.86,calm
0.648,0.67,1,-6.407,0.0392,0.0112,0,0.127,0.638,94.956,calm
0.808,0.583,7,-7.949,0.114,0.399,0,0.132,0.738,76.983,calm
0.614,0.379,4,-10.48,0.0476,0.607,0.000464,0.0986,0.201,107.989,calm
0.484,0.731,1,-6.694,0.0379,0.431,0,0.151,0.51,101.654,calm
0.475,0.496,10,-6.948,0.0384,0.416,0,0.0942,0.329,111.13,calm
0.209,0.417,3,-8.74,0.0338,0.164,0.00196,0.113,0.124,138.178,calm
0.589,0.227,2,-16.67,0.0498,0.64,0.00469,0.0248,0.182,74.993,calm
0.28,0.0211,7,-28.236,0.0424,0.994,0.893,0.101,0.0582,109.295,calm
0.481,0.179,3,-21.424,0.109,0.613,2.84E-05,0.145,0.405,74.85,calm
0.816,0.375,7,-8.053,0.0996,0.607,8.66E-06,0.0933,0.615,114.303,calm
0.324,0.416,11,-8.92,0.0368,0.262,3.69E-05,0.11,0.151,113.986,calm
0.748,0.54,0,-9.585,0.0299,0.361,0,0.185,0.453,110.035,calm
0.463,0.198,4,-11.003,0.0387,0.915,0,0.106,0.369,123.63,calm
0.572,0.231,0,-6.316,0.0334,0.953,3.88E-06,0.111,0.332,96.729,calm
0.581,0.687,6,-5.4,0.105,0.229,0,0.109,0.187,76.014,calm
0.509,0.538,7,-7.335,0.0572,0.385,0,0.104,0.244,75.089,calm
0.614,0.318,7,-12.695,0.0478,0.896,0.00239,0.0795,0.112,119.959,calm
0.518,0.729,11,-7.193,0.0452,0.183,0,0.0643,0.343,156.879,calm
0.453,0.35,9,-11.639,0.0425,0.827,0.00122,0.144,0.279,72.017,calm
0.436,0.473,1,-7.24,0.0307,0.588,4.35E-05,0.103,0.242,108.906,calm
0.61,0.59,11,-7.325,0.0362,0.694,2.32E-06,0.15,0.352,137.838,calm
0.4,0.479,8,-7.989,0.0308,0.0529,2.14E-06,0.115,0.213,166.159,calm
0.695,0.573,4,-8.597,0.106,0.46,0.0734,0.482,0.408,99.939,calm
0.585,0.471,4,-9.934,0.0616,0.0967,0.0184,0.115,0.323,93.099,calm
0.562,0.494,4,-8.13,0.0278,0.864,0.0259,0.153,0.383,144.104,calm
0.357,0.425,5,-7.301,0.0333,0.584,0,0.322,0.27,102.078,calm
0.544,0.369,2,-9.514,0.038,0.969,0.279,0.639,0.102,87.01,calm
0.632,0.709,3,-5.18,0.173,0.139,8.75E-06,0.127,0.671,192.05,calm
0.459,0.575,3,-4.858,0.0573,0.604,0,0.0885,0.183,111.881,sad
0.553,0.586,11,-6.319,0.0362,0.697,0,0.0813,0.443,126.684,sad
0.659,0.716,5,-5.673,0.111,0.33,0,0.173,0.437,148.015,sad
0.378,0.388,10,-9.017,0.036,0.472,0,0.157,0.188,72.293,sad
0.363,0.233,10,-7.697,0.0299,0.908,0,0.134,0.246,171.767,sad
0.484,0.131,0,-13.617,0.0453,0.77,0,0.0693,0.373,101.313,sad
0.736,0.308,4,-7.83,0.0677,0.946,0,0.186,0.361,111.202,sad
0.481,0.267,7,-9.249,0.0339,0.8,0,0.249,0.137,117.64,sad
0.664,0.285,9,-7.907,0.0342,0.855,0,0.0952,0.256,124.148,sad
0.547,0.232,10,-11.838,0.0462,0.912,0,0.074,0.467,77.42,sad
0.57,0.671,7,-8.421,0.0452,0.703,0.000423,0.106,0.233,144.108,sad
0.501,0.405,1,-5.679,0.0319,0.751,0,0.105,0.446,109.891,sad
0.311,0.485,6,-5.726,0.0365,0.701,0,0.0726,0.225,77.355,sad
0.667,0.373,4,-9.389,0.05,0.785,0,0.0906,0.0823,124.148,sad
0.513,0.25,5,-9.376,0.0367,0.913,0,0.117,0.351,74.103,sad
0.44,0.317,8,-9.258,0.0531,0.891,4.78E-06,0.141,0.268,169.914,sad
0.412,0.285,11,-9.918,0.0444,0.935,0,0.11,0.377,151.739,sad
0.63,0.5,1,-8.755,0.0611,0.611,4.04E-05,0.114,0.315,144.871,sad
0.427,0.123,9,-15.228,0.0497,0.868,3.12E-05,0.0732,0.0394,129.565,sad
0.711,0.382,11,-7.344,0.0428,0.67,0,0.11,0.516,104.988,sad
0.708,0.339,9,-7.085,0.0409,0.834,0,0.128,0.512,117.995,sad
0.585,0.436,10,-8.761,0.0601,0.721,1.31E-05,0.105,0.132,143.874,sad
0.546,0.515,9,-7.006,0.0375,0.829,0.000323,0.0926,0.713,146.766,sad
0.56,0.595,9,-4.53,0.0274,0.199,6.47E-05,0.132,0.144,104.011,sad
0.664,0.728,6,-9.856,0.0772,0.0669,0,0.194,0.387,87.518,sad
0.665,0.703,8,-3.885,0.07,0.128,0,0.115,0.257,97.968,sad
0.706,0.625,0,-7.426,0.0314,0.0417,0,0.129,0.225,142.948,sad
0.693,0.385,2,-11.188,0.0357,0.68,0,0.192,0.43,84.939,sad
0.677,0.485,5,-5.795,0.0361,0.529,2.04E-05,0.0766,0.493,82.001,sad
0.719,0.768,11,-5.658,0.19,0.345,0,0.104,0.0979,137.887,sad
0.52,0.45,2,-10.626,0.0351,0.621,0,0.0814,0.131,118.093,sad
0.498,0.104,1,-14.08,0.0621,0.979,7.86E-05,0.0895,0.205,124.001,sad
0.466,0.573,7,-8.496,0.034,0.347,0.633,0.38,0.057,117.612,sad
0.371,0.437,0,-9.638,0.0428,0.263,8.78E-05,0.0776,0.108,125.937,sad
0.39,0.536,6,-7.536,0.0384,0.593,0,0.115,0.212,129.997,sad
0.53,0.605,0,-8.79,0.0931,0.0572,5.61E-05,0.248,0.217,163.491,sad
0.671,0.183,1,-8.649,0.0325,0.821,3.93E-05,0.0969,0.208,112.678,sad
0.479,0.451,1,-14.39,0.0303,0.118,0.0738,0.184,0.095,171.926,sad
0.696,0.738,9,-4.656,0.042,0.171,0,0.121,0.361,92.062,sad
0.514,0.216,8,-10.754,0.0519,0.944,1.18E-06,0.0939,0.195,101.294,sad
0.657,0.635,0,-10.006,0.0294,0.0176,0.632,0.0893,0.552,87.017,sad
0.439,0.445,9,-11.029,0.0799,0.577,0.00296,0.148,0.347,133.146,sad
0.685,0.586,9,-8.309,0.027,0.731,0.0342,0.137,0.779,99.989,sad
0.486,0.614,0,-8.045,0.0336,0.12,0.691,0.0956,0.184,90.054,sad
0.35,0.242,4,-11.885,0.0386,0.866,0,0.112,0.439,159.35,sad
0.64,0.321,0,-14.604,0.0931,0.693,0.0307,0.114,0.177,145.045,sad
0.518,0.729,11,-7.193,0.0452,0.183,0,0.0643,0.343,156.879,sad
0.494,0.585,0,-6.062,0.0331,0.515,0,0.11,0.222,138.05,sad
0.607,0.558,8,-7.319,0.0407,0.202,0,0.155,0.336,130.007,sad
0.453,0.208,11,-11.917,0.22,0.585,0,0.119,0.218,169.326,sad
0.619,0.493,8,-6.908,0.0299,0.197,0,0.084,0.597,89.968,sad
0.774,0.548,1,-8.751,0.209,0.24,0,0.125,0.193,119.858,sad
0.522,0.385,0,-7.355,0.0288,0.536,0,0.135,0.236,89.792,sad
0.492,0.275,6,-13.4,0.3,0.687,0,0.101,0.18,92.6,sad
0.604,0.401,5,-8.931,0.0367,0.189,0.036,0.121,0.0903,148.018,sad
0.479,0.545,7,-7.346,0.0688,0.365,0,0.0963,0.244,74.897,sad
0.572,0.258,7,-9.213,0.0348,0.787,0,0.0973,0.324,111.91,sad
0.664,0.627,5,-7.114,0.0422,0.292,0,0.062,0.461,114.898,sad
0.777,0.311,9,-12.205,0.102,0.0505,6.20E-05,0.0847,0.221,133.985,sad
0.441,0.599,0,-8.985,0.225,0.333,0.00198,0.103,0.35,165.212,sad
0.676,0.304,5,-10.649,0.0634,0.209,9.94E-06,0.103,0.0421,119.895,sad
0.73,0.43,0,-6.901,0.0394,0.334,0.0226,0.145,0.251,75.034,sad
0.601,0.317,10,-8.945,0.0497,0.911,0,0.181,0.381,137.95,sad
0.71,0.0565,7,-15.099,0.0534,0.965,0,0.0889,0.348,123.994,sad
0.713,0.431,2,-11.61,0.41,0.511,0.00079,0.149,0.19,139.989,sad
0.446,0.239,6,-11.092,0.0435,0.942,4.16E-05,0.11,0.575,75.54,sad
0.409,0.446,2,-4.836,0.0317,0.65,0,0.0862,0.135,75.638,sad
0.513,0.661,5,-6.419,0.24,0.161,0,0.246,0.179,94.791,sad
0.673,0.649,9,-4.824,0.108,0.219,0,0.143,0.459,167.963,sad
0.78,0.597,1,-6.751,0.0526,0.102,0.0937,0.121,0.77,104.988,sad
0.589,0.242,6,-10.517,0.0442,0.914,0,0.0887,0.257,89.749,sad
0.469,0.564,0,-9.893,0.0335,0.198,0.000422,0.194,0.752,80.439,sad
0.489,0.598,1,-4.929,0.036,0.218,0,0.35,0.172,134.045,sad
0.483,0.412,7,-8.461,0.0402,0.737,0,0.116,0.247,170.163,sad
0.465,0.467,6,-11.807,0.0452,0.247,0.315,0.241,0.159,75.072,sad
0.443,0.388,9,-9.945,0.0372,0.771,4.08E-05,0.0914,0.195,89.947,sad
0.738,0.873,9,-7.782,0.102,0.365,0.00022,0.0552,0.543,164.966,sad
0.479,0.486,9,-6.066,0.0388,0.67,0,0.149,0.302,68.889,sad
0.764,0.32,11,-7.209,0.0546,0.837,0,0.0822,0.575,91.019,sad
0.669,0.333,2,-11.686,0.153,0.3,4.81E-05,0.097,0.108,141.169,sad
0.551,0.386,0,-10.22,0.132,0.659,0,0.125,0.245,116.409,sad
0.552,0.392,8,-12.663,0.0288,0.686,0.00662,0.111,0.23,129.878,sad
0.551,0.405,0,-12.756,0.0398,0.443,0.000217,0.11,0.341,135.017,sad
0.556,0.582,11,-6.505,0.085,0.307,0,0.0908,0.764,80.03,sad
0.368,0.228,11,-9.183,0.0335,0.865,1.99E-06,0.111,0.194,146.881,sad
0.421,0.131,0,-18.435,0.0382,0.952,0.00453,0.109,0.12,137.446,sad
0.607,0.561,9,-7.662,0.0492,0.0131,0.341,0.285,0.473,166.003,sad
0.685,0.563,3,-5.456,0.0714,0.323,0,0.111,0.3,85.501,sad
0.617,0.474,5,-8.363,0.0303,0.0238,0.0102,0.397,0.549,119.958,sad
0.536,0.708,6,-7.882,0.758,0.513,0,0.0951,0.09,78.33,sad
0.704,0.225,6,-14.454,0.0994,0.902,0.657,0.106,0.243,120.006,sad
0.507,0.204,0,-11.575,0.0504,0.855,0,0.143,0.343,77.765,sad
0.458,0.347,11,-6.651,0.0381,0.712,0,0.11,0.431,78.928,sad
0.576,0.307,11,-12.732,0.0428,0.807,0.000355,0.0792,0.157,67.513,sad
0.478,0.62,2,-6.801,0.036,0.000382,0.834,0.095,0.0377,174.053,sad
0.515,0.479,3,-7.458,0.0261,0.544,0.00598,0.191,0.284,88.964,sad
0.599,0.448,8,-6.312,0.0232,0.163,0,0.106,0.168,95.05,sad
0.584,0.407,1,-7.356,0.046,0.476,0,0.18,0.341,115.124,sad
0.511,0.363,4,-7.65,0.041,0.816,0.0317,0.084,0.169,144.892,sad
0.455,0.505,9,-6.838,0.0276,0.0377,0.452,0.296,0.056,87.972,sad
0.688,0.53,11,-5.507,0.0333,0.443,0,0.0995,0.162,106.958,sad
0.596,0.238,2,-9.381,0.0471,0.898,5.11E-05,0.19,0.304,93.847,sad
0.748,0.52,0,-11.082,0.317,0.0285,0.927,0.093,0.159,150.438,sad
0.613,0.739,10,-6.478,0.0311,0.526,0,0.149,0.712,104.966,sad
0.616,0.209,9,-13.43,0.406,0.902,0,0.139,0.336,86.891,sad
0.596,0.659,5,-7.856,0.0606,0.0742,0,0.123,0.418,142.976,sad
0.646,0.355,1,-7.119,0.0263,0.873,0,0.115,0.364,84.988,sad
0.556,0.538,8,-5.408,0.0382,0.0689,0,0.196,0.291,143.95,sad
0.527,0.0861,5,-15.326,0.0301,0.92,0.000334,0.0988,0.225,103.582,sad
0.629,0.328,11,-8.284,0.029,0.768,2.50E-05,0.103,0.389,74.953,sad
0.572,0.385,7,-6.362,0.0308,0.371,0,0.231,0.323,95.799,sad
0.585,0.653,11,-7.439,0.0562,0.291,0,0.151,0.554,83.341,sad
0.561,0.0848,2,-15.099,0.0404,0.913,2.62E-05,0.112,0.206,102.128,sad
0.51,0.643,0,-6.602,0.0485,0.214,3.22E-06,0.101,0.0397,130.081,sad
0.351,0.296,4,-10.109,0.0333,0.934,0,0.095,0.12,115.284,sad
0.482,0.645,8,-7.959,0.0556,0.434,0,0.0996,0.457,104.854,sad
0.553,0.343,10,-9.466,0.0407,0.68,3.50E-06,0.122,0.216,66.543,sad
0.583,0.075,5,-15.843,0.0726,0.933,1.40E-06,0.111,0.347,108.418,sad
0.499,0.181,9,-15.359,0.0429,0.745,0.00123,0.106,0.0747,111.956,sad
0.464,0.473,1,-10.086,0.129,0.866,0,0.109,0.604,75.801,sad
0.313,0.429,6,-7.415,0.0343,0.787,0,0.0863,0.416,77.27,sad
0.537,0.558,11,-8.678,0.0929,0.263,0.91,0.102,0.505,131.037,sad
0.77,0.697,11,-4.388,0.0841,0.143,0,0.278,0.484,122.869,sad
0.758,0.408,2,-8.836,0.137,0.0513,0,0.226,0.388,149.999,sad
0.561,0.354,4,-8.362,0.427,0.268,1.03E-05,0.144,0.293,169.191,sad
0.741,0.48,1,-10.818,0.0975,0.909,5.08E-06,0.06,0.151,123.703,sad
0.804,0.337,3,-9.592,0.117,0.503,0.146,0.105,0.537,104.974,sad
0.789,0.522,11,-10.203,0.112,0.178,1.34E-05,0.0861,0.346,107.064,sad
0.331,0.311,4,-9.58,0.0472,0.439,0,0.339,0.196,82.574,sad
0.593,0.578,10,-7.637,0.0243,0.238,0.000116,0.0976,0.214,99.964,sad
0.362,0.86,3,-4.95,0.132,0.00419,0.00011,0.127,0.33,182.173,sad
0.799,0.489,6,-11.047,0.256,0.23,0,0.135,0.368,88.518,sad
0.652,0.512,0,-13.73,0.0564,0.418,0.0132,0.5,0.584,92.465,sad
0.604,0.534,11,-10.518,0.0371,0.362,0,0.115,0.635,138.008,sad
0.694,0.685,6,-6.535,0.133,0.224,0,0.124,0.306,158.831,sad
0.559,0.678,8,-9.076,0.058,0.00036,0,0.124,0.142,199.9,sad
0.581,0.698,9,-6.747,0.0283,0.0001,0.0265,0.611,0.211,130.035,sad
0.512,0.641,4,-7.602,0.041,0.223,0,0.223,0.246,145.008,sad
0.457,0.633,6,-6.791,0.36,0.0187,0,0.112,0.244,170.878,sad
0.748,0.265,8,-12.074,0.229,0.952,0.917,0.0866,0.14,77.009,sad
0.404,0.569,9,-10.248,0.0323,2.41E-05,0.322,0.14,0.347,94.95,sad
0.778,0.486,0,-14.841,0.0529,0.026,0.0799,0.115,0.195,124.995,sad
0.642,0.461,8,-9.548,0.0503,0.00166,0,0.159,0.409,130.107,sad
0.72,0.473,2,-12.796,0.458,0.0197,0,0.32,0.509,173.971,sad
0.165,0.769,4,-7.201,0.051,0.0307,0.135,0.109,0.111,156.328,sad
0.853,0.467,9,-6.843,0.195,0.00596,0.00171,0.203,0.329,87.023,sad
0.348,0.197,2,-13.646,0.0374,0.979,0.00294,0.189,0.215,76.479,sad
0.466,0.0918,10,-26.813,0.0269,0.929,0.803,0.439,0.0841,95.014,sad
0.719,0.302,6,-13.461,0.0591,0.852,0.186,0.0989,0.163,81.996,sad
0.823,0.277,0,-11.94,0.0381,0.602,0.0079,0.238,0.588,79.505,sad
0.905,0.264,10,-8.237,0.0925,0.314,0.000792,0.11,0.64,90.052,sad
0.757,0.386,9,-9.623,0.092,0.716,0.0151,0.138,0.42,80.021,sad
0.757,0.334,10,-7.758,0.0931,0.505,0.0985,0.118,0.278,80.029,sad
0.826,0.645,11,-9.073,0.188,0.675,1.65E-05,0.109,0.553,88.999,sad
0.893,0.254,2,-14.005,0.0789,0.715,3.45E-05,0.121,0.698,115.04,sad
0.621,0.429,11,-10.116,0.0496,0.469,0.0253,0.0765,0.115,75.981,sad
0.785,0.465,1,-5.854,0.0375,0.0672,4.11E-06,0.114,0.249,137.978,sad
0.668,0.507,11,-8.036,0.105,0.216,0,0.105,0.239,140.037,sad
0.665,0.596,6,-4.689,0.0671,0.331,0,0.108,0.351,119.879,sad
0.293,0.34,7,-10.306,0.0441,0.623,7.21E-06,0.0961,0.365,80.682,sad
0.531,0.645,9,-6.984,0.0384,0.0781,0.00642,0.171,0.379,89.951,sad
0.408,0.245,0,-8.891,0.0357,0.63,0,0.127,0.0559,111.916,sad
0.67,0.762,1,-3.112,0.0374,0.0585,0,0.0742,0.961,107.018,sad
0.708,0.841,8,-6.432,0.0506,0.271,2.59E-05,0.0981,0.582,134.936,sad
0.427,0.682,8,-12.058,0.0445,0.636,0.613,0.0984,0.445,165.25,sad
0.618,0.242,1,-15.083,0.212,0.838,0,0.103,0.328,91.915,sad
0.713,0.113,1,-17.881,0.0453,0.904,3.15E-05,0.187,0.112,123.944,sad
0.731,0.388,9,-8.281,0.0634,0.129,1.66E-06,0.123,0.132,144.044,sad
0.726,0.5,4,-10.402,0.0622,0.356,0,0.113,0.44,132.043,sad
0.723,0.72,10,-12.782,0.0398,0.901,0.881,0.067,0.964,97.016,sad
0.537,0.227,2,-13.978,0.0453,0.928,0.0929,0.101,0.195,84.636,sad
0.579,0.416,5,-9.841,0.0494,0.261,0,0.148,0.18,84.987,sad
0.686,0.494,1,-7.093,0.0355,0.613,5.80E-05,0.402,0.7,168.946,sad
0.603,0.783,6,-4.023,0.062,0.449,7.96E-06,0.119,0.775,172.041,sad
0.543,0.681,1,-7.876,0.0477,0.159,1.49E-06,0.298,0.154,124.926,sad
0.74,0.465,7,-8.27,0.0412,0.306,0.00371,0.101,0.275,116.741,sad
0.695,0.762,0,-3.497,0.0395,0.192,0.00244,0.0863,0.553,120.042,sad
0.85,0.28,1,-8.77,0.23,0.0931,0.606,0.0867,0.28,82.872,sad
0.138,0.00312,6,-38.986,0.0385,0.992,0.939,0.101,0.0498,141.904,sad
0.44,0.317,8,-9.258,0.0531,0.891,4.78E-06,0.141,0.268,169.914,sad
0.598,0.683,4,-6.588,0.054,0.0152,0,0.319,0.122,135.982,sad
0.641,0.842,9,-7.27,0.0292,0.132,0.91,0.419,0.5,129.98,sad
0.507,0.666,10,-8.362,0.029,0.0116,0.343,0.129,0.185,77.979,sad
0.48,0.61,0,-7.042,0.305,0.0456,0,0.313,0.297,90.034,sad
0.559,0.578,8,-9.54,0.151,0.79,0.000522,0.324,0.239,79.938,sad
0.423,0.456,2,-8.45,0.0579,0.381,0.016,0.12,0.148,112.984,sad
0.776,0.626,6,-12.561,0.0396,0.622,0.899,0.086,0.866,122.072,sad
0.553,0.685,2,-10.624,0.0266,0.145,0.859,0.138,0.491,79.998,sad
0.585,0.471,4,-9.934,0.0616,0.0967,0.0184,0.115,0.323,93.099,sad
0.272,0.238,2,-12.148,0.0349,0.89,0.00925,0.275,0.119,83.507,sad
0.52,0.538,1,-8.109,0.206,0.367,0.00187,0.119,0.177,141.894,sad
0.656,0.33,8,-8.771,0.162,0.818,0.00386,0.107,0.349,119.057,sad
0.603,0.918,4,-6.652,0.0641,0.216,0.146,0.284,0.452,102.473,sad
0.411,0.89,11,-6.062,0.0436,0.0617,0.127,0.227,0.0669,169.97,sad
0.746,0.0609,9,-13.803,0.0661,0.628,0.951,0.152,0.385,124.012,sad
0.374,0.168,4,-12.878,0.042,0.786,0.949,0.108,0.109,155.946,sad
0.501,0.334,7,-14.955,0.0847,0.806,0.191,0.113,0.265,96.231,sad
0.698,0.193,1,-15.01,0.0902,0.914,0.937,0.0882,0.607,84.03,sad
0.588,0.352,6,-13.197,0.0546,0.566,0.924,0.111,0.581,170.71,sad
0.309,0.883,9,-3.825,0.0808,0.0673,0.00111,0.0849,0.312,159.488,sad
0.526,0.544,11,-7.137,0.169,0.258,0.64,0.377,0.544,170.37,sad
0.477,0.98,7,-4.204,0.0887,0.000834,0.00963,0.357,0.199,135.902,sad
0.644,0.375,1,-10.201,0.0275,0.416,0.112,0.116,0.0399,105.042,sad
0.642,0.538,8,-7.206,0.0696,0.0242,0,0.273,0.57,143.921,sad
0.75,0.984,7,-4.933,0.078,0.295,0.373,0.163,0.767,111.002,sad
0.655,0.487,6,-7.988,0.033,0.0347,0.897,0.271,0.0454,139.914,sad
0.551,0.695,0,-9.444,0.0336,0.299,0.82,0.108,0.15,100.233,sad
0.529,0.353,7,-12.835,0.0292,0.788,0.853,0.116,0.0601,104.557,sad
0.328,0.301,0,-13.283,0.0366,0.926,0.825,0.118,0.167,147.398,sad
0.526,0.866,0,-5.822,0.0568,0.00287,7.78E-05,0.0945,0.248,140.266,sad
0.612,0.807,10,-2.81,0.0336,0.0495,0.0177,0.101,0.398,124.053,sad
0.464,0.701,6,-5.693,0.0411,0.00892,0.309,0.335,0.356,83.996,sad
0.514,0.632,2,-6.305,0.0501,0.208,0.0132,0.115,0.31,94.569,sad
0.565,0.832,8,-5.751,0.108,0.0639,0.0291,0.386,0.847,143.302,sad
0.501,0.765,6,-7.063,0.0281,0.00294,0.49,0.184,0.46,91.769,sad
0.573,0.473,8,-10.839,0.0268,0.0944,0.397,0.199,0.515,77.494,sad
0.551,0.529,5,-10.469,0.0517,0.299,0.00674,0.178,0.522,75.515,sad
0.709,0.496,1,-10.528,0.0417,0.581,0.195,0.151,0.469,78.477,sad
0.662,0.478,9,-8.631,0.0453,0.252,0.833,0.216,0.43,139.981,sad
0.74,0.072,3,-17.984,0.0713,0.981,0.00698,0.111,0.297,139.081,sad
0.56,0.381,1,-8.503,0.0291,0.799,0.000142,0.125,0.558,147.431,sad
0.633,0.395,8,-9.638,0.0857,0.692,0.000222,0.108,0.123,138.023,sad
0.457,0.551,5,-9.36,0.167,0.427,1.15E-06,0.113,0.428,89.87,sad
0.575,0.386,9,-9.584,0.037,0.785,0.000289,0.229,0.466,116.408,sad
0.581,0.21,8,-10.426,0.0321,0.768,0,0.369,0.452,80.099,sad
0.377,0.253,4,-11.155,0.0387,0.975,0.000259,0.101,0.367,125.403,sad
0.501,0.0958,0,-15.605,0.0433,0.77,0,0.298,0.204,108.741,sad
0.788,0.446,6,-9.812,0.0693,0.54,0.694,0.273,0.545,80.033,sad
0.398,0.646,3,-10.457,0.0412,0.0454,0.206,0.101,0.353,179.853,sad
0.565,0.346,0,-14.173,0.0295,0.62,0.816,0.0991,0.28,119.974,sad
0.895,0.109,0,-13.853,0.0996,0.534,0.549,0.106,0.546,134.067,sad
0.628,0.598,2,-5.483,0.119,0.0451,3.29E-06,0.119,0.0603,135.047,sad
0.645,0.658,1,-6.625,0.0532,0.623,2.02E-05,0.107,0.19,77.021,sad
0.567,0.743,8,-8.614,0.0626,0.0356,0.847,0.221,0.423,170.083,sad
0.867,0.263,0,-10.892,0.181,0.408,0.937,0.111,0.359,80.045,sad
0.645,0.114,9,-15.768,0.356,0.967,0.831,0.112,0.191,78.015,sad
0.468,0.331,3,-11.052,0.036,0.613,0.00108,0.129,0.09,102.448,sad
0.563,0.408,4,-8.972,0.0365,0.838,1.04E-05,0.108,0.234,146.908,sad
0.799,0.352,6,-9.943,0.159,0.844,0.903,0.115,0.435,83.564,sad
0.424,0.267,1,-17.193,0.0726,0.787,0.954,0.149,0.259,61.972,sad
0.753,0.679,5,-7.092,0.0349,0.324,4.21E-05,0.423,0.19,105.977,sad
0.872,0.391,0,-9.144,0.242,0.469,4.13E-06,0.297,0.437,134.021,sad
0.734,0.57,7,-7.066,0.133,0.847,2.14E-05,0.112,0.689,129.953,sad
0.797,0.533,0,-9.74,0.0412,0.0172,0.000152,0.103,0.329,131.036,sad
0.769,0.156,11,-10.7,0.035,0.585,0.015,0.102,0.527,105.95,sad
0.746,0.251,11,-16.169,0.259,0.782,0.00203,0.106,0.18,139.999,sad
0.784,0.486,5,-6.497,0.0475,0.0538,0.497,0.101,0.0894,110.964,sad
0.585,0.185,4,-14.223,0.034,0.912,0.00303,0.234,0.0483,118.899,sad
0.488,0.589,9,-4.683,0.138,0.0327,1.85E-06,0.18,0.127,101.984,sad
0.773,0.564,1,-7.241,0.249,0.00561,1.99E-05,0.213,0.0588,155.976,sad
0.625,0.45,9,-9.985,0.0311,0.0776,0.000217,0.117,0.0362,92.974,sad
0.644,0.697,0,-6.069,0.0542,0.56,0,0.111,0.244,120.044,sad
0.609,0.37,0,-13.933,0.0712,0.664,0.086,0.328,0.352,119.806,sad
0.356,0.162,1,-16.848,0.0372,0.986,0.0337,0.11,0.205,83.283,sad
0.747,0.0676,7,-14.215,0.0441,0.895,0.258,0.11,0.298,65.003,sad
0.921,0.432,0,-11.109,0.0502,0.506,0.00223,0.0617,0.693,112.117,sad
0.601,0.712,1,-9.433,0.0431,0.0848,0,0.479,0.386,114.998,sad
0.813,0.445,10,-10.194,0.117,0.637,1.85E-05,0.0873,0.194,126.009,sad
0.602,0.762,2,-6.149,0.0347,0.0498,0.00819,0.121,0.113,92.02,sad
0.64,0.558,1,-7.078,0.027,0.000144,0.865,0.103,0.208,115.007,sad
0.646,0.641,3,-6.522,0.0425,0.0353,0,0.108,0.881,134.027,sad
0.366,0.797,1,-4.923,0.0812,0.0157,0,0.0694,0.181,169.986,sad
0.534,0.583,2,-8.672,0.0288,0.0262,0,0.421,0.145,106,sad
0.434,0.519,11,-12.584,0.0585,0.929,0.00106,0.123,0.34,141.423,sad
0.744,0.291,6,-11.359,0.12,0.22,0.766,0.111,0.611,169.777,sad
0.419,0.53,2,-11.623,0.347,0.486,0.751,0.229,0.503,84.357,sad
0.688,0.302,9,-16.802,0.352,0.91,0.871,0.103,0.835,139.525,sad
0.535,0.569,1,-12.043,0.304,0.226,0.328,0.0755,0.311,78.307,sad
0.665,0.259,2,-12.283,0.068,0.966,0.937,0.106,0.243,75.968,sad
0.669,0.426,3,-8.129,0.222,0.396,0.0429,0.0884,0.424,120.193,sad
0.738,0.322,5,-11.852,0.288,0.981,0.679,0.112,0.78,77.999,sad
0.775,0.345,1,-9.911,0.372,0.591,0.409,0.105,0.872,81.046,sad
0.69,0.235,7,-8.651,0.0541,0.618,0.000144,0.107,0.378,99.906,sad
0.312,0.466,9,-8.163,0.0509,0.729,7.34E-06,0.215,0.195,135.44,sad
0.766,0.283,8,-10.33,0.0846,0.111,0.0172,0.115,0.144,97.04,sad
0.599,0.102,2,-22.749,0.031,0.973,0.91,0.0688,0.0396,127.152,sad
0.63,0.5,1,-8.755,0.0611,0.611,4.04E-05,0.114,0.315,144.871,sad
0.691,0.186,10,-13.672,0.0487,0.686,0.934,0.0762,0.548,86.383,sad
0.533,0.883,5,-6.839,0.13,0.041,0.014,0.0856,0.612,167.95,sad
0.783,0.319,6,-16.088,0.285,0.909,0.157,0.326,0.525,80.102,sad
0.727,0.229,10,-13.864,0.368,0.78,0.00256,0.109,0.585,87.997,sad
0.533,0.598,5,-9.18,0.0368,0.0217,0.633,0.145,0.287,90.074,sad
0.551,0.573,5,-4.153,0.372,0.316,2.49E-06,0.107,0.209,84.732,sad
0.644,0.258,7,-20.552,0.0534,0.589,0.946,0.0807,0.207,166.356,sad
0.739,0.448,10,-10.28,0.138,0.189,0,0.118,0.553,81.044,sad
0.441,0.219,8,-14.586,0.0419,0.935,0,0.115,0.244,94.021,sad
0.524,0.325,11,-12.764,0.267,0.943,0.235,0.0941,0.504,73.828,sad
0.609,0.799,9,-6.883,0.24,0.33,0,0.108,0.582,157.74,sad
0.519,0.809,1,-6.362,0.556,0.388,0,0.275,0.262,146.02,sad
0.738,0.491,1,-9.726,0.413,0.626,0,0.126,0.448,94.378,sad
0.637,0.569,6,-5.858,0.55,0.173,0,0.18,0.148,140.269,sad
0.588,0.521,10,-9.461,0.0329,0.0678,0.149,0.123,0.337,85.012,sad
0.353,0.686,7,-5.704,0.0534,0.00216,0,0.123,0.177,94.47,sad
0.581,0.656,4,-4.891,0.0294,0.00269,2.78E-06,0.101,0.338,108.033,sad
0.51,0.503,10,-8.756,0.242,0.0216,0.002,0.108,0.193,153.582,sad
0.776,0.503,0,-5.732,0.237,0.874,0,0.112,0.473,110.134,sad
0.699,0.304,1,-11.192,0.0993,0.779,0.000993,0.137,0.271,119.705,sad
0.691,0.306,9,-15.651,0.0544,0.632,0.479,0.108,0.62,129.929,sad
0.567,0.263,5,-13.51,0.103,0.891,0,0.183,0.247,111.86,sad
0.449,0.599,1,-4.892,0.0369,0.211,0,0.327,0.165,134.144,sad
0.562,0.674,10,-6.049,0.0851,0.622,2.04E-05,0.111,0.293,122.699,sad
0.391,0.595,11,-7.094,0.0411,0.913,0.00557,0.145,0.379,93.78,sad
0.454,0.668,6,-5.821,0.03,0.205,0.000841,0.0938,0.168,85.994,sad
0.441,0.744,6,-6.248,0.476,0.262,0.000382,0.138,0.124,81.396,sad
0.419,0.581,10,-5.964,0.0688,0.306,6.30E-05,0.11,0.636,80.305,sad
0.374,0.568,1,-3.825,0.109,0.219,0.00219,0.513,0.111,84.733,sad
0.435,0.76,8,-4.935,0.0721,0.0175,0,0.158,0.206,80.082,sad
0.79,0.647,10,-5.983,0.136,0.0515,0,0.248,0.654,87.999,sad
0.76,0.524,1,-7.67,0.0323,0.0542,0.5,0.112,0.112,119.603,sad
0.603,0.401,0,-10.155,0.0306,0.542,0.225,0.103,0.347,172.633,sad
0.478,0.326,3,-10.992,0.0693,0.468,0.000221,0.323,0.338,137.04,sad
0.302,0.669,1,-9.404,0.238,0.275,3.58E-05,0.369,0.127,164.8,sad
0.593,0.37,11,-11.674,0.397,0.832,0,0.108,0.312,135.391,sad
0.721,0.339,0,-11.195,0.0532,0.409,0.00153,0.0973,0.2,129.83,sad
0.392,0.233,11,-11.012,0.0587,0.951,0.000322,0.106,0.494,176.569,sad
0.443,0.686,6,-9.744,0.0389,0.0614,0.126,0.118,0.149,79.769,sad
0.629,0.676,1,-7.088,0.191,0.53,0.000325,0.701,0.497,90.377,sad
0.35,0.621,8,-6.495,0.233,0.256,3.44E-05,0.613,0.459,83.375,sad
0.8,0.368,4,-13.217,0.431,0.00387,9.54E-05,0.114,0.496,145.822,sad
0.614,0.609,10,-6.97,0.0463,0.511,2.80E-05,0.0825,0.179,98.966,sad
0.556,0.538,8,-5.408,0.0382,0.0689,0,0.196,0.291,143.95,sad
0.492,0.26,9,-17.341,0.0921,0.646,0.00178,0.0705,0.312,111.519,sad
0.397,0.172,6,-15.698,0.0445,0.841,6.78E-05,0.108,0.123,101.275,sad
0.567,0.309,8,-14.254,0.385,0.166,0,0.12,0.509,65.041,sad
0.418,0.546,0,-9.057,0.238,0.227,0,0.229,0.294,160.152,sad
0.338,0.729,6,-6.419,0.102,0.758,3.24E-05,0.18,0.543,184.174,sad
0.945,0.702,11,-5.016,0.12,0.591,0.000538,0.0788,0.678,119.887,sad
0.577,0.611,9,-13.535,0.0323,0.168,0.92,0.106,0.177,150.91,sad
0.608,0.676,1,-7.56,0.248,0.212,0,0.347,0.57,80.939,sad
0.743,0.732,8,-4.511,0.104,0.0509,1.77E-05,0.227,0.339,123.994,sad
0.61,0.788,0,-5.724,0.0585,0.195,0.0142,0.153,0.472,101.045,sad
0.583,0.508,9,-6.676,0.0619,0.0776,0,0.245,0.183,169.978,sad
0.526,0.62,8,-7.244,0.281,0.067,0.000241,0.139,0.187,112.027,sad
0.665,0.535,4,-7.056,0.0572,0.0786,1.68E-05,0.154,0.37,138.842,sad
0.746,0.798,0,-8.382,0.349,0.137,0,0.139,0.553,109.968,sad
0.672,0.588,1,-9.573,0.133,0.619,0.241,0.0992,0.204,169.033,sad
0.411,0.377,3,-9.553,0.0296,0.347,0.765,0.222,0.0321,139.881,sad
0.515,0.479,3,-7.458,0.0261,0.544,0.00598,0.191,0.284,88.964,sad
0.9,0.316,9,-8.797,0.332,0.684,0.0771,0.0853,0.844,129.914,sad
0.618,0.217,10,-15.372,0.0515,0.836,0.000163,0.538,0.0872,116.014,sad
0.458,0.378,2,-11.354,0.15,0.416,0.0919,0.0966,0.037,168.232,sad
0.403,0.234,4,-17.865,0.0531,0.761,0.0618,0.123,0.13,144.226,sad
0.538,0.742,9,-6.365,0.0521,0.018,0.014,0.152,0.425,165.951,sad
0.7,0.82,5,-5.499,0.0329,0.238,0.318,0.658,0.667,109.998,sad
0.595,0.636,5,-5.981,0.0312,9.45E-05,0.0529,0.196,0.147,112.008,sad
0.695,0.253,2,-15.884,0.0461,0.685,0.14,0.105,0.264,120.033,sad
0.663,0.096,1,-11.933,0.0961,0.614,0.948,0.11,0.817,81.981,sad
0.892,0.633,8,-7.471,0.0902,0.0467,0.000189,0.139,0.459,137.994,sad
0.549,0.543,6,-7.485,0.0351,0.0013,0.00945,0.105,0.0791,157.977,sad
0.548,0.532,5,-7.596,0.0323,0.186,0.000263,0.217,0.405,85.03,sad
0.464,0.417,0,-9.345,0.0256,0.136,0.022,0.0974,0.479,67.528,sad
0.691,0.631,2,-6.478,0.0368,0.0483,1.13E-05,0.104,0.8,92.004,sad
0.216,0.497,10,-8.025,0.0371,0.128,2.39E-06,0.111,0.313,187.308,sad
0.554,0.498,9,-8.866,0.0685,0.23,5.98E-06,0.795,0.413,79.635,sad
0.572,0.155,6,-14.405,0.0344,0.835,0.000137,0.0906,0.0949,109.923,sad
0.472,0.745,4,-5.297,0.0356,0.000607,2.74E-05,0.0957,0.0631,180.06,sad
0.618,0.837,1,-5.338,0.0304,0.000254,0.000378,0.0618,0.526,121.227,sad
0.816,0.255,6,-10.016,0.0416,0.774,0.00684,0.114,0.323,89.922,sad
0.764,0.24,0,-11.229,0.104,0.861,0.00681,0.101,0.524,76.019,sad
0.462,0.945,2,-1.887,0.0399,0.0536,0.746,0.11,0.477,165.153,sad
0.58,0.959,9,-4.613,0.076,0.583,0.87,0.0985,0.626,150.173,sad
0.756,0.549,7,-7.823,0.0475,0.705,0.0141,0.26,0.513,106.99,sad
0.509,0.0167,9,-24.639,0.115,0.979,2.72E-05,0.387,0.229,207.97,sad
0.745,0.696,4,-9.906,0.0533,0.846,0.893,0.101,0.33,104.97,sad
0.746,0.691,4,-7.533,0.0403,0.184,0.0259,0.205,0.888,119.982,sad
0.713,0.868,0,-6.644,0.0305,0.00206,9.23E-05,0.225,0.641,119.98,sad
0.569,0.86,9,-4.116,0.043,0.135,0,0.153,0.289,90.937,sad
0.576,0.632,7,-8.981,0.204,0.187,0.000159,0.529,0.463,158.755,sad
0.592,0.0195,1,-33.35,0.0369,0.361,0.839,0.108,0.0313,119.504,sad
0.509,0.331,4,-14.083,0.0267,0.272,0.136,0.114,0.0957,96.848,sad
0.423,0.378,1,-10.488,0.053,0.702,0.000646,0.146,0.0896,143.446,sad
0.509,0.79,0,-7.105,0.0293,0.218,0.125,0.144,0.625,147.073,sad
0.598,0.252,2,-15.086,0.0644,0.194,0.133,0.0992,0.0352,120.064,sad
0.43,0.522,1,-10.372,0.0768,0.117,0.31,0.952,0.087,113.807,sad
0.696,0.583,3,-9.351,0.301,0.308,0,0.0964,0.524,137.079,sad
0.587,0.698,1,-8.948,0.0943,0.0152,0,0.442,0.0985,133.954,sad
0.47,0.809,8,-6.74,0.0495,0.272,0.00671,0.0491,0.49,151.836,sad
0.64,0.74,4,-4.083,0.0284,0.0115,0.00678,0.167,0.785,116.879,sad
0.602,0.881,1,-5.875,0.0443,0.00462,0.0266,0.111,0.577,125.012,sad
0.346,0.944,9,-9.874,0.0485,4.16E-05,0.565,0.0546,0.403,179.63,sad
0.643,0.573,4,-7.034,0.0709,0.41,0.00017,0.0695,0.47,165.192,sad
0.369,0.467,5,-9.018,0.0274,0.0194,0.46,0.109,0.174,94.473,sad
0.632,0.525,0,-5.791,0.141,0.298,0,0.0799,0.923,119.521,sad
0.736,0.583,10,-6.088,0.109,0.0555,0.00367,0.124,0.265,134.99,sad
0.51,0.0671,3,-12.163,0.0689,0.744,0,0.166,0.197,106.017,sad
0.801,0.41,7,-12.359,0.0322,0.187,0.0258,0.0993,0.719,125.133,sad
0.614,0.743,7,-6.574,0.0401,0.24,0.00368,0.147,0.531,162.228,sad
0.469,0.81,2,-9.233,0.0403,3.76E-05,0.282,0.293,0.669,129.891,sad
0.681,0.259,10,-9.106,0.0933,0.812,0.0066,0.393,0.333,74.837,sad
0.759,0.245,6,-6.545,0.138,0.515,0.000154,0.102,0.209,96.992,sad
0.639,0.628,6,-7.578,0.0399,0.0381,0,0.386,0.43,90.482,sad
0.542,0.466,0,-8.665,0.0831,0.141,0.000445,0.125,0.124,191.385,sad
0.679,0.754,8,-6.965,0.186,0.323,0,0.126,0.905,86.993,sad
0.43,0.771,5,-7.176,0.0375,0.0876,0.0239,0.121,0.772,201.001,sad
0.569,0.674,3,-5.194,0.0301,0.129,0.0631,0.431,0.513,93.196,sad
0.45,0.689,5,-6.194,0.0423,0.383,0.011,0.273,0.344,206.575,sad
0.785,0.285,4,-14.635,0.0312,0.782,0.548,0.0995,0.634,89.875,sad
0.332,0.785,4,-7.136,0.148,0.285,0.106,0.301,0.534,152.605,sad
0.559,0.793,2,-4.019,0.0346,0.174,0.021,0.329,0.604,80.081,sad
0.58,0.592,8,-8.942,0.0249,0.625,0.779,0.187,0.569,106.238,sad
0.794,0.32,1,-12.92,0.173,0.853,0.134,0.112,0.241,174.088,sad
0.779,0.362,0,-10.847,0.0474,0.135,0.206,0.111,0.46,85.011,sad
0.578,0.166,4,-17.194,0.0335,0.942,0.0069,0.103,0.318,99.891,sad
0.703,0.757,1,-3.612,0.05,0.617,0,0.106,0.696,82.008,sad
0.421,0.154,0,-12.405,0.0319,0.102,0.00692,0.207,0.0949,99.886,sad
0.433,0.778,4,-7.681,0.041,0.843,0,0.139,0.764,114.208,sad
0.448,0.541,4,-11.34,0.397,0.47,0,0.1,0.237,81.92,sad
0.926,0.199,10,-13.635,0.0916,0.51,0.119,0.224,0.763,113.952,sad
0.671,0.275,6,-11.185,0.056,0.796,0.000339,0.0657,0.159,124.007,sad
0.643,0.671,9,-5.439,0.0246,0.00578,0.000641,0.107,0.412,89.9,sad
0.498,0.81,7,-4.065,0.0263,0.00392,0.00717,0.0635,0.594,79.935,sad
0.659,0.674,4,-6.583,0.0283,0.162,0.726,0.103,0.299,128.008,sad
0.55,0.445,11,-8.143,0.0282,0.0166,0.853,0.109,0.227,77.537,sad
0.572,0.659,4,-9.954,0.0304,0.519,0.431,0.0721,0.69,156.994,sad
0.46,0.546,0,-7.839,0.041,0.506,0.486,0.165,0.237,132.173,sad
0.511,0.793,8,-5.231,0.072,0.139,8.06E-06,0.205,0.146,148.082,sad
0.645,0.458,7,-8.888,0.0537,0.522,0.0914,0.291,0.397,142.175,sad
0.662,0.586,5,-6.287,0.0251,0.0325,0.00418,0.153,0.0724,107.993,sad
0.745,0.646,6,-6.987,0.17,0.157,0,0.338,0.46,79.993,sad
0.691,0.683,0,-7.335,0.0954,0.547,0,0.221,0.456,140.002,sad
0.734,0.637,4,-5.677,0.141,0.0462,2.29E-05,0.0602,0.648,169.977,sad
0.823,0.419,10,-10.358,0.165,0.416,0,0.105,0.277,119.958,sad
0.352,0.838,8,-6.465,0.0496,0.00329,5.74E-06,0.115,0.475,72.291,sad
0.595,0.657,1,-6.498,0.183,0.462,0.000597,0.437,0.718,156.093,sad
0.558,0.0259,8,-30.016,0.0458,0.996,0.871,0.0969,0.37,157.811,sad
0.577,0.604,3,-7.84,0.0332,0.182,0.00211,0.205,0.351,99.997,sad
0.343,0.12,1,-19.247,0.0361,0.412,0.0252,0.109,0.0373,105.109,sad
0.247,0.499,7,-7.873,0.0406,0.027,0,0.462,0.16,148.901,sad
0.282,0.463,9,-9.669,0.0324,0.0767,0.82,0.153,0.106,100.006,sad
0.587,0.295,11,-14.542,0.0463,0.15,0,0.142,0.128,122.064,sad
0.815,0.45,2,-12.528,0.297,0.215,0.000239,0.104,0.181,124.981,sad
0.304,0.668,1,-10.739,0.0439,0.0539,0.141,0.128,0.166,79.319,sad
0.671,0.529,0,-7.226,0.307,0.0769,0.000335,0.0856,0.203,161.989,sad
0.511,0.566,6,-7.23,0.2,0.349,0,0.34,0.218,83.903,sad
0.373,0.717,1,-5.833,0.083,0.0568,0,0.114,0.293,109.977,sad
0.56,0.815,8,-4.308,0.0788,0.118,0.000161,0.138,0.652,91.494,sad
0.602,0.874,7,-7.709,0.0617,0.0416,0.865,0.111,0.85,99.164,sad
0.552,0.555,6,-8.92,0.206,0.459,0.805,0.157,0.757,84.654,sad
0.784,0.523,8,-11.835,0.167,0.0541,0.792,0.118,0.394,109.965,sad
0.585,0.717,6,-6.171,0.0311,0.224,0.741,0.133,0.754,83.989,sad
0.719,0.794,8,-5.626,0.249,0.0393,0,0.109,0.302,119.998,sad
0.364,0.436,7,-18.522,0.135,0.706,0.189,0.102,0.391,84.965,sad
0.563,0.254,2,-13.891,0.0303,0.175,0.0107,0.0794,0.0737,110.966,sad
0.514,0.701,11,-5.672,0.0325,0.0184,0,0.346,0.354,140.961,sad
0.234,0.911,4,-6.463,0.0864,0.00322,0.708,0.161,0.458,152.447,sad
0.597,0.653,5,-8.462,0.0765,0.357,0.0679,0.104,0.416,85.298,sad
0.602,0.83,9,-5.972,0.0339,8.11E-05,0.55,0.225,0.526,137.027,sad
0.712,0.352,1,-13.807,0.0377,0.205,0.0418,0.0934,0.172,125.538,sad
0.472,0.577,11,-8.268,0.0289,0.00324,0.0234,0.156,0.117,141.978,sad
0.776,0.907,5,-8.758,0.0567,0.136,0.81,0.118,0.506,125.063,sad
0.596,0.728,7,-6.884,0.197,0.242,0,0.697,0.337,77.508,sad
0.549,0.316,7,-13.163,0.0327,0.665,0,0.276,0.256,122.999,sad
0.555,0.599,8,-8.183,0.027,0.00377,0.0968,0.16,0.147,149.079,sad
0.577,0.49,0,-14.495,0.0362,0.629,0.608,0.0737,0.52,141.814,sad
0.67,0.36,8,-10.054,0.339,0.188,0,0.0901,0.365,159.973,sad
0.74,0.531,4,-11.263,0.0314,0.00615,0.0748,0.102,0.433,123.004,sad
0.74,0.637,7,-7.721,0.271,0.78,3.67E-05,0.249,0.746,78.955,sad
0.403,0.168,0,-17.128,0.0279,0.869,0.0166,0.0646,0.0743,89.601,sad
0.647,0.822,5,-4.662,0.183,0.219,0,0.0908,0.962,160.019,happy
0.702,0.825,6,-3.787,0.0601,0.00883,0,0.0674,0.915,102.977,happy
0.666,0.83,0,-5.715,0.0751,0.0123,0,0.191,0.702,113.03,happy
0.836,0.743,10,-6.305,0.0653,0.0974,0,0.335,0.723,108.965,happy
0.768,0.714,10,-5.11,0.0401,0.352,0,0.15,0.842,131.443,happy
0.673,0.886,1,-4.44,0.0431,0.185,0,0.0826,0.795,97.012,happy
0.56,0.872,3,-4.269,0.14,0.0239,6.98E-06,0.371,0.682,126.05,happy
0.704,0.797,0,-5.927,0.0475,0.0826,0.000745,0.0546,0.825,139.994,happy
0.52,0.731,6,-5.338,0.0557,0.342,0.00101,0.311,0.662,173.93,happy
0.621,0.82,10,-4.865,0.0367,0.332,0,0.104,0.452,144.905,happy
0.717,0.671,0,-5.077,0.0337,0.0018,2.54E-06,0.0921,0.699,110.054,happy
0.669,0.687,0,-4.753,0.043,0.152,1.60E-05,0.308,0.386,123.903,happy
0.717,0.73,9,-4.729,0.0568,0.383,0,0.398,0.792,102.002,happy
0.743,0.835,2,-4.655,0.029,0.25,0,0.0912,0.955,120.019,happy
0.628,0.698,6,-5.608,0.105,0.0472,0.00143,0.0907,0.732,89.976,happy
0.818,0.803,1,-4.282,0.0797,0.034,0,0.153,0.632,106.97,happy
0.95,0.891,2,-2.653,0.241,0.0645,1.77E-05,0.309,0.912,133.01,happy
0.774,0.753,4,-5.446,0.0517,0.152,0,0.0371,0.896,119.002,happy
0.746,0.765,6,-4.41,0.0993,0.0112,0,0.0936,0.737,114.044,happy
0.699,0.529,2,-7.548,0.0487,0.0317,3.59E-05,0.285,0.121,119.987,happy
0.807,0.887,9,-3.726,0.0503,0.0573,2.87E-06,0.124,0.961,134.052,happy
0.562,0.939,0,-4.282,0.0475,0.046,0,0.112,0.684,116.044,happy
0.512,0.662,3,-6.797,0.0439,0.0275,0,0.118,0.472,180.114,happy
0.448,0.838,4,-5.257,0.0557,0.21,0.000131,0.131,0.254,139.863,happy
0.81,0.636,1,-6.072,0.0487,0.303,0,0.131,0.687,101.966,happy
0.703,0.444,11,-9.331,0.0417,0.559,0,0.0973,0.712,150.96,happy
0.548,0.816,0,-4.209,0.0465,0.122,0,0.335,0.557,95.39,happy
0.733,0.67,5,-6.009,0.0751,0.121,0,0.121,0.472,100.964,happy
0.687,0.818,0,-4.221,0.0778,0.0112,0,0.248,0.886,125.952,happy
0.716,0.941,6,-6.206,0.073,0.0312,1.14E-05,0.707,0.884,125.04,happy
0.697,0.875,5,-4.621,0.034,0.137,0,0.28,0.774,140.069,happy
0.667,0.86,11,-5.569,0.0362,0.00191,0.013,0.0671,0.822,126.004,happy
0.526,0.818,3,-5.952,0.0358,0.0587,0,0.333,0.896,171.96,happy
0.668,0.618,6,-7.701,0.0457,0.106,0,0.117,0.53,94.977,happy
0.881,0.592,2,-4.898,0.0324,0.619,1.32E-05,0.0901,0.719,101.058,happy
0.756,0.697,8,-6.377,0.0401,0.182,0,0.333,0.956,94.996,happy
0.691,0.823,2,-4.197,0.0623,0.487,0,0.134,0.87,123.935,happy
0.686,0.834,1,-5.512,0.0653,0.00428,0.000366,0.125,0.575,124.008,happy
0.748,0.788,1,-7.055,0.0334,0.0591,0,0.0863,0.884,120.076,happy
0.767,0.481,0,-8.52,0.0803,0.234,0,0.269,0.761,150.076,happy
0.782,0.685,4,-6.237,0.0309,0.166,1.18E-05,0.16,0.603,118.016,happy
0.792,0.717,0,-4.759,0.0393,0.0927,3.59E-05,0.226,0.466,121.985,happy
0.73,0.699,10,-7.332,0.0434,0.0401,2.94E-06,0.129,0.624,122.968,happy
0.636,0.831,5,-3.945,0.182,0.0294,3.85E-06,0.272,0.668,175.015,happy
0.837,0.515,7,-4.065,0.0793,0.103,0,0.233,0.769,129.001,happy
0.853,0.647,7,-5.593,0.0706,0.114,0,0.134,0.692,115.087,happy
0.726,0.787,4,-2.494,0.0737,0.009,0,0.0596,0.888,124.99,happy
0.56,0.936,3,-5.835,0.0439,0.00847,0,0.161,0.371,112.96,happy
0.714,0.8,11,-4.808,0.0504,0.127,0,0.359,0.589,134.002,happy
0.794,0.793,11,-4.521,0.0842,0.0125,0,0.0952,0.677,123.941,happy
0.824,0.862,2,-3.424,0.126,0.0076,0.000132,0.303,0.801,122.98,happy
0.813,0.853,10,-4.756,0.163,0.138,0,0.0845,0.732,123.005,happy
0.694,0.712,7,-3.923,0.046,0.132,0,0.211,0.799,98.023,happy
0.743,0.752,4,-4.813,0.0414,0.0188,0,0.287,0.545,110.015,happy
0.693,0.678,8,-7.159,0.0324,0.0151,5.71E-06,0.101,0.404,103.952,happy
0.672,0.676,4,-7.304,0.0379,0.34,5.02E-06,0.155,0.381,123.014,happy
0.659,0.617,11,-5.862,0.0649,0.27,0,0.187,0.187,119.858,happy
0.729,0.836,8,-4.312,0.0462,0.156,3.27E-05,0.336,0.288,113.998,happy
0.56,0.959,7,-2.433,0.102,0.000722,0.000221,0.209,0.669,163.983,happy
0.487,0.9,0,-4.417,0.0482,6.79E-05,0,0.358,0.484,149.937,happy
0.652,0.698,10,-4.667,0.042,0.00112,0.000115,0.0886,0.47,96.021,happy
0.762,0.661,1,-6.075,0.0687,0.15,0,0.256,0.769,130.009,happy
0.769,0.479,1,-5.339,0.0385,0.66,0,0.0914,0.803,96.051,happy
0.714,0.451,5,-8.268,0.0276,0.0883,0,0.108,0.406,127.787,happy
0.578,0.866,1,-3.804,0.0619,0.00701,0,0.257,0.619,128.038,happy
0.541,0.829,4,-5.396,0.0434,0.00144,0.00194,0.257,0.775,169.932,happy
0.426,0.584,1,-5.293,0.296,0.0383,0,0.192,0.272,193.438,happy
0.783,0.58,7,-6.548,0.0408,0.0114,2.28E-06,0.108,0.66,120.021,happy
0.713,0.676,10,-5.483,0.027,0.0377,0,0.154,0.721,99.048,happy
0.656,0.832,5,-5.386,0.294,0.0529,0,0.4,0.742,125.915,happy
0.589,0.966,11,-4.106,0.0972,0.03,0,0.147,0.802,129.983,happy
0.627,0.703,0,-4.884,0.236,0.563,0,0.0962,0.64,81.897,happy
0.647,0.8,7,-5.384,0.165,0.0647,0,0.334,0.942,160.078,happy
0.767,0.758,11,-3.191,0.084,0.0368,0,0.0682,0.844,111.986,happy
0.628,0.676,7,-5.911,0.0916,0.00957,2.65E-05,0.121,0.75,85.984,happy
0.799,0.586,11,-6.735,0.0377,0.162,2.03E-06,0.193,0.549,120.97,happy
0.535,0.668,3,-7.25,0.102,0.0856,0,0.0676,0.416,119.836,happy
0.767,0.682,1,-5.02,0.042,0.0113,0.00016,0.104,0.833,127.975,happy
0.753,0.811,9,-5.897,0.0356,0.18,0.000157,0.147,0.625,123.022,happy
0.652,0.812,3,-3.797,0.0409,0.00125,3.01E-05,0.667,0.72,126.023,happy
0.638,0.832,8,-5.039,0.049,0.141,0,0.113,0.648,124.071,happy
0.652,0.877,1,-2.986,0.0465,0.0227,0,0.0789,0.486,118.491,happy
0.709,0.824,1,-8.824,0.0453,0.207,0.000307,0.0888,0.867,118.818,happy
0.641,0.676,9,-5.702,0.0458,0.0143,0.0201,0.407,0.495,124.173,happy
0.591,0.764,1,-5.484,0.0483,0.0383,0,0.103,0.478,169.928,happy
0.561,0.965,7,-3.673,0.0343,0.00383,7.07E-06,0.371,0.304,128.04,happy
0.714,0.874,1,-5.385,0.0998,0.0074,0.000196,0.383,0.581,126.028,happy
0.743,0.766,0,-6.375,0.0265,0.0873,0,0.509,0.61,127.96,happy
0.669,0.939,3,-3.209,0.161,0.192,0,0.295,0.53,129.014,happy
0.748,0.524,8,-5.599,0.0338,0.414,0,0.111,0.661,95.01,happy
0.751,0.783,4,-3.724,0.0859,0.00379,0,0.036,0.816,119.975,happy
0.67,0.848,4,-4.437,0.0501,0.0134,9.85E-06,0.332,0.373,124.019,happy
0.755,0.837,2,-2.718,0.142,0.0991,0,0.289,0.714,120.028,happy
0.773,0.758,1,-4.993,0.0381,0.0422,0,0.305,0.925,144.033,happy
0.736,0.786,2,-3.379,0.0401,0.0918,0,0.181,0.611,124.98,happy
0.72,0.791,1,-4.689,0.124,0.0384,0,0.157,0.756,102.071,happy
0.618,0.848,6,-4.329,0.0574,0.0028,0.000714,0.302,0.639,123.967,happy
0.663,0.857,2,-2.16,0.0544,0.0542,0,0.144,0.931,126.039,happy
0.673,0.902,2,-2.392,0.0346,0.0591,0.000262,0.0558,0.538,100.012,happy
0.587,0.711,0,-6.408,0.0876,0.0101,0.00621,0.221,0.303,123.95,happy
0.737,0.747,10,-4.818,0.0323,0.269,0,0.219,0.447,105.943,happy
0.67,0.743,10,-4.993,0.0393,0.237,0,0.465,0.571,125.944,happy
0.697,0.683,1,-2.881,0.117,0.0372,0,0.137,0.603,96.133,happy
0.623,0.641,10,-3.987,0.0462,0.0841,1.09E-06,0.06,0.735,185.888,happy
0.526,0.818,3,-5.952,0.0358,0.0587,0,0.333,0.896,171.96,happy
0.61,0.83,0,-4.105,0.0571,0.033,0,0.118,0.728,182.162,happy
0.745,0.681,7,-7.91,0.0361,0.0696,0,0.164,0.613,115,happy
0.588,0.701,9,-6.39,0.0402,0.00813,0,0.2,0.443,104.988,happy
0.81,0.788,10,-3.663,0.0447,0.267,0.000172,0.196,0.845,135.991,happy
0.751,0.661,9,-6.131,0.0871,0.124,0,0.456,0.761,120.052,happy
0.621,0.747,11,-5.084,0.0337,0.222,0.000194,0.147,0.426,124.015,happy
0.681,0.657,6,-4.671,0.0432,0.0748,0,0.353,0.628,130.089,happy
0.746,0.765,6,-4.41,0.0993,0.0112,0,0.0936,0.737,114.044,happy
0.758,0.598,0,-5.695,0.0868,0.16,0,0.295,0.658,149.836,happy
0.461,0.834,2,-4.868,0.0989,0.0232,1.14E-05,0.14,0.471,135.007,happy
0.838,0.525,10,-3.562,0.0665,0.345,1.92E-06,0.0771,0.884,144.981,happy
0.725,0.828,1,-4.484,0.0332,0.0247,0,0.0716,0.916,124.017,happy
0.759,0.54,9,-6.039,0.0287,0.037,0,0.0945,0.75,116.947,happy
0.651,0.617,8,-6.077,0.0309,0.179,0,0.113,0.591,121.977,happy
0.585,0.696,4,-5.6,0.0307,0.204,0,0.344,0.522,104.01,happy
0.759,0.459,8,-5.187,0.0948,0.00323,0,0.0788,0.695,109.997,happy
0.447,0.553,0,-4.817,0.0322,0.212,0,0.165,0.252,149.877,happy
0.795,0.616,1,-5.281,0.06,0.417,0,0.349,0.815,110.015,happy
0.73,0.558,8,-6.535,0.0786,0.0179,0,0.128,0.618,100.066,happy
0.77,0.882,8,-4.792,0.0602,0.194,0,0.316,0.385,99.991,happy
0.788,0.859,2,-2.724,0.0856,0.281,0,0.0424,0.822,141.02,happy
0.333,0.637,1,-4.904,0.0581,0.131,1.80E-05,0.149,0.132,139.898,happy
0.575,0.571,1,-7.906,0.0439,0.0558,0,0.0912,0.449,105.049,happy
0.603,0.649,11,-5.848,0.0476,0.0105,0,0.243,0.672,124.073,happy
0.705,0.824,2,-4.825,0.0347,0.18,0,0.0901,0.925,146.999,happy
0.637,0.69,1,-4.057,0.0405,0.00786,0,0.124,0.457,129.857,happy
0.654,0.787,4,-4.999,0.0502,0.00515,0,0.144,0.409,123.979,happy
0.686,0.83,8,-4.437,0.0369,0.0948,1.33E-06,0.182,0.486,123.032,happy
0.604,0.546,8,-5.691,0.151,0.0889,0,0.0734,0.402,179.847,happy
0.673,0.902,2,-2.392,0.0346,0.0591,0.000262,0.0558,0.538,100.012,happy
0.761,0.695,5,-4.048,0.0886,0.0783,0,0.14,0.69,118.004,happy
0.733,0.786,11,-7.494,0.0422,0.0931,0.0013,0.1,0.786,102.999,happy
0.735,0.694,11,-5.258,0.0387,0.00088,0,0.0582,0.777,121.46,happy
0.668,0.589,0,-6.978,0.1,0.289,0,0.279,0.813,91.053,happy
0.842,0.734,1,-5.065,0.0588,0.0427,0,0.106,0.952,137.958,happy
0.64,0.648,5,-8.113,0.187,0.124,0,0.0802,0.548,92.977,happy
0.686,0.538,2,-8.026,0.0345,0.181,3.13E-06,0.113,0.584,115.884,happy
0.499,0.898,8,-4.181,0.124,0.124,7.20E-06,0.0832,0.618,120.04,happy
0.652,0.897,7,-4.481,0.036,0.293,0,0.0722,0.475,114.033,happy
0.7,0.748,1,-6.044,0.0434,0.127,0,0.0941,0.631,111.939,happy
0.606,0.684,7,-7.486,0.0343,0.0208,0.000867,0.107,0.225,116.993,happy
0.462,0.745,0,-6.588,0.0699,0.0367,0,0.0795,0.254,100.042,happy
0.759,0.605,7,-7.737,0.0433,0.156,0,0.694,0.64,121.049,happy
0.585,0.835,5,-6.453,0.113,0.0687,0,0.275,0.93,164.988,happy
0.798,0.675,6,-5.041,0.0442,0.0912,0,0.0894,0.842,101.956,happy
0.699,0.529,2,-7.548,0.0487,0.0317,3.59E-05,0.285,0.121,119.987,happy
0.693,0.604,11,-5.279,0.0427,0.0668,0,0.114,0.651,75.014,happy
0.669,0.629,1,-5.018,0.0803,0.217,0,0.366,0.294,110.865,happy
0.669,0.801,8,-5.445,0.136,0.268,0,0.0594,0.541,109.919,happy
0.776,0.808,11,-4.501,0.117,0.0297,0.000127,0.103,0.494,123.988,happy
0.563,0.583,7,-7.302,0.031,0.00658,0,0.102,0.525,91.899,happy
0.682,0.72,11,-8.173,0.0381,0.326,0,0.148,0.673,117.003,happy
0.54,0.793,5,-4.379,0.0492,0.0744,0,0.354,0.4,112.219,happy
0.771,0.671,2,-5.617,0.0553,0.00929,0,0.0637,0.714,85.026,happy
0.558,0.877,10,-3.392,0.145,0.274,0,0.162,0.762,99.988,happy
0.646,0.761,1,-2.557,0.0385,0.0714,0,0.222,0.472,129.916,happy
0.643,0.585,2,-5.994,0.0369,0.225,0,0.0927,0.188,106.015,happy
0.697,0.875,5,-4.621,0.034,0.137,0,0.28,0.774,140.069,happy
0.783,0.762,6,-4.727,0.0507,0.158,6.56E-05,0.092,0.33,127.993,happy
0.595,0.784,1,-4.878,0.102,0.216,0,0.0608,0.479,124.111,happy
0.594,0.725,8,-7.225,0.0293,0.0375,1.06E-05,0.237,0.572,122.983,happy
0.743,0.529,7,-6.187,0.0505,0.128,0,0.181,0.438,102.048,happy
0.756,0.697,8,-6.377,0.0401,0.182,0,0.333,0.956,94.996,happy
0.617,0.756,3,-5.811,0.104,0.213,0,0.152,0.432,121.828,happy
0.569,0.85,4,-3.914,0.0369,0.0148,0,0.245,0.551,122.042,happy
0.673,0.729,6,-4.879,0.0496,0.083,0,0.1,0.675,122.023,happy
0.704,0.797,0,-5.927,0.0475,0.0826,0.000745,0.0546,0.825,139.994,happy
0.732,0.85,1,-5.999,0.0444,0.114,2.02E-06,0.0388,0.372,124.024,happy
0.702,0.759,0,-3.292,0.0381,0.16,0,0.062,0.761,123.999,happy
0.626,0.849,7,-3.662,0.123,0.0732,0,0.593,0.898,138.997,happy
0.729,0.786,10,-4.357,0.0389,0.117,0,0.265,0.729,131.906,happy
0.636,0.63,0,-6.396,0.0346,0.0796,0,0.13,0.454,104.845,happy
0.737,0.846,1,-4.51,0.22,0.00614,0,0.0486,0.546,87.981,happy
0.528,0.833,9,-6.19,0.0514,0.000414,1.23E-06,0.068,0.46,127.998,happy
0.733,0.886,2,-1.856,0.0426,0.0481,1.81E-06,0.191,0.696,126.031,happy
0.669,0.832,0,-5.721,0.0682,0.0106,0,0.0968,0.7,113.035,happy
0.852,0.698,9,-7.206,0.0629,0.00839,1.03E-06,0.0773,0.324,113.039,happy
0.648,0.641,7,-5.521,0.0389,0.00565,3.63E-06,0.109,0.505,184.021,happy
0.548,0.816,0,-4.209,0.0465,0.122,0,0.335,0.557,95.39,happy
0.59,0.81,1,-5.751,0.0319,0.0014,0,0.198,0.624,127.916,happy
0.799,0.419,6,-7.99,0.174,0.412,0,0.203,0.716,156.055,happy
0.476,0.594,5,-6.879,0.135,0.0599,0,0.0785,0.314,159.702,happy
0.846,0.434,5,-7.118,0.118,0.642,0,0.197,0.681,132.899,happy
0.394,0.718,7,-6.336,0.0607,0.706,0,0.116,0.247,151.912,happy
0.664,0.316,5,-10.345,0.519,0.298,2.03E-06,0.0812,0.541,92.875,happy
0.548,0.806,1,-7.249,0.0628,0.0448,0,0.126,0.749,189.996,happy
0.704,0.701,2,-5.442,0.0594,0.058,0,0.127,0.592,88.024,happy
0.795,0.48,3,-8.556,0.0688,0.243,0,0.271,0.723,149.919,happy
0.573,0.739,9,-5.455,0.0581,0.212,0,0.175,0.363,120.077,happy
0.592,0.749,6,-6.179,0.0294,0.000646,0.00114,0.166,0.819,127.033,happy
0.688,0.662,6,-5.57,0.0441,0.0971,1.34E-06,0.172,0.549,115.106,happy
0.521,0.877,7,-5.444,0.0683,0.0132,0.0806,0.0929,0.199,180.007,happy
0.287,0.473,5,-3.551,0.034,0.0858,4.40E-05,0.383,0.577,186.283,happy
0.673,0.704,6,-8.056,0.36,0.196,0,0.0898,0.372,86.919,happy
0.624,0.628,4,-6.582,0.0408,0.0112,0.0191,0.0814,0.772,114.556,happy